{"name":"Boowlarity","id":10,"All Time":{"Daily":{"Win Percent":{"value":0,"rank":125},"Points":{"value":519,"rank":18},"Points Per Game":{"value":12.357142857142858,"rank":135},"Games":{"value":42,"rank":5},"Games Per Hour":{"value":16.499345264076823,"rank":28},"Wins":{"value":13,"rank":24},"Ties":{"value":0,"rank":130},"Losses":{"value":21,"rank":2},"Saves":{"value":0,"rank":125},"Save Percent":{"value":0,"rank":125},"Tags":{"value":120,"rank":32},"Tags Per Game":{"value":2.857142857142857,"rank":145},"Tags Per Hour":{"value":47.14098646879092,"rank":147},"Popped":{"value":268,"rank":6},"Popped Per Game":{"value":6.380952380952381,"rank":87},"Popped Per Hour":{"value":105.2815364469664,"rank":17},"Tags Per Pop":{"value":0.44776119402985076,"rank":149},"Grabs":{"value":216,"rank":6},"Grabs Per Game":{"value":0.8059701492537313,"rank":70},"Grabs Per Hour":{"value":84.85377564382365,"rank":22},"Captures":{"value":10,"rank":34},"Captures Per Game":{"value":0.23809523809523808,"rank":121},"Captures Per Hour":{"value":3.9284155390659103,"rank":109},"Captures Per Grab":{"value":0.046296296296296294,"rank":120},"Hold":{"value":1335,"rank":13},"Hold Per Game":{"value":31.785714285714285,"rank":114},"Hold Per Grab":{"value":6.180555555555555,"rank":125},"Hold Per Hour":{"value":524.443474465299,"rank":87},"Hold Per Cap":{"value":133.5,"rank":47},"Prevent":{"value":757,"rank":31},"Prevent Per Game":{"value":18.023809523809526,"rank":135},"Prevent Per Hour":{"value":297.3810563072894,"rank":122},"Returns":{"value":95,"rank":36},"Returns Per Game":{"value":2.261904761904762,"rank":145},"Returns Per Hour":{"value":37.31994762112615,"rank":148},"Support":{"value":496,"rank":17},"Support Per Game":{"value":11.80952380952381,"rank":128},"Support Per Hour":{"value":194.84941073766913,"rank":102},"Non-Return Tags":{"value":25,"rank":33},"Prevent Per Return":{"value":7.968421052631579,"rank":54},"Power-up Percent":{"value":0.07,"rank":104},"Time Played":{"value":9164,"rank":11},"Disconnects":{"value":8,"rank":2},"Disconnects Per Game":{"value":0.19047619047619047,"rank":20}},"Weekly":{"Win Percent":{"value":0,"rank":220},"Points":{"value":3164,"rank":28},"Points Per Game":{"value":13.87719298245614,"rank":241},"Games":{"value":228,"rank":14},"Games Per Hour":{"value":15.504344540989798,"rank":19},"Wins":{"value":85,"rank":30},"Ties":{"value":0,"rank":230},"Losses":{"value":103,"rank":10},"Saves":{"value":0,"rank":220},"Save Percent":{"value":0,"rank":220},"Tags":{"value":811,"rank":57},"Tags Per Game":{"value":3.557017543859649,"rank":241},"Tags Per Hour":{"value":55.14922553834529,"rank":238},"Popped":{"value":1590,"rank":11},"Popped Per Game":{"value":6.973684210526316,"rank":83},"Popped Per Hour":{"value":108.12240272006045,"rank":6},"Tags Per Pop":{"value":0.510062893081761,"rank":244},"Grabs":{"value":1290,"rank":9},"Grabs Per Game":{"value":0.8113207547169812,"rank":125},"Grabs Per Hour":{"value":87.72194937665282,"rank":19},"Captures":{"value":86,"rank":35},"Captures Per Game":{"value":0.37719298245614036,"rank":194},"Captures Per Hour":{"value":5.848129958443521,"rank":156},"Captures Per Grab":{"value":0.06666666666666667,"rank":214},"Hold":{"value":8472,"rank":16},"Hold Per Game":{"value":37.1578947368421,"rank":167},"Hold Per Grab":{"value":6.567441860465117,"rank":212},"Hold Per Hour":{"value":576.1088024178315,"rank":104},"Hold Per Cap":{"value":98.51162790697674,"rank":56},"Prevent":{"value":4981,"rank":54},"Prevent Per Game":{"value":21.846491228070175,"rank":229},"Prevent Per Hour":{"value":338.7155270117114,"rank":206},"Returns":{"value":643,"rank":56},"Returns Per Game":{"value":2.8201754385964914,"rank":240},"Returns Per Hour":{"value":43.72497166603702,"rank":237},"Support":{"value":3121,"rank":18},"Support Per Game":{"value":13.68859649122807,"rank":216},"Support Per Hour":{"value":212.23271628258405,"rank":141},"Non-Return Tags":{"value":168,"rank":57},"Prevent Per Return":{"value":7.746500777604977,"rank":92},"Power-up Percent":{"value":0.08,"rank":184},"Time Played":{"value":52940,"rank":16},"Disconnects":{"value":37,"rank":5},"Disconnects Per Game":{"value":0.16228070175438597,"rank":12}},"Monthly":{"Win Percent":{"value":0.33361415332771693,"rank":233},"Points":{"value":11455,"rank":81},"Points Per Game":{"value":14.19454770755886,"rank":264},"Games":{"value":807,"rank":28},"Games Per Hour":{"value":15.054955874656041,"rank":23},"Wins":{"value":264,"rank":104},"Ties":{"value":2,"rank":179},"Losses":{"value":409,"rank":14},"Saves":{"value":1,"rank":211},"Save Percent":{"value":0.06,"rank":236},"Tags":{"value":3148,"rank":101},"Tags Per Game":{"value":3.9008674101610903,"rank":264},"Tags Per Hour":{"value":58.727386732859,"rank":260},"Popped":{"value":5837,"rank":15},"Popped Per Game":{"value":7.232961586121437,"rank":45},"Popped Per Hour":{"value":108.8919175221404,"rank":5},"Tags Per Pop":{"value":0.5393181428816173,"rank":268},"Grabs":{"value":4585,"rank":21},"Grabs Per Game":{"value":0.7855062532122665,"rank":178},"Grabs Per Hour":{"value":85.53528213791566,"rank":22},"Captures":{"value":259,"rank":93},"Captures Per Game":{"value":0.32094175960346966,"rank":239},"Captures Per Hour":{"value":4.831764029164702,"rank":223},"Captures Per Grab":{"value":0.05648854961832061,"rank":262},"Hold":{"value":29374,"rank":50},"Hold Per Game":{"value":36.39900867410161,"rank":200},"Hold Per Grab":{"value":6.406543075245366,"rank":248},"Hold Per Hour":{"value":547.9854694698223,"rank":145},"Hold Per Cap":{"value":113.41312741312741,"rank":17},"Prevent":{"value":19645,"rank":85},"Prevent Per Game":{"value":24.343246592317225,"rank":251},"Prevent Per Hour":{"value":366.4865032932068,"rank":223},"Returns":{"value":2568,"rank":97},"Returns Per Game":{"value":3.1821561338289963,"rank":259},"Returns Per Hour":{"value":47.907220181061604,"rank":248},"Support":{"value":11003,"rank":65},"Support Per Game":{"value":13.63444857496902,"rank":249},"Support Per Hour":{"value":205.26602167142553,"rank":205},"Non-Return Tags":{"value":580,"rank":115},"Prevent Per Return":{"value":7.649922118380062,"rank":95},"Power-up Percent":{"value":0.08,"rank":205},"Time Played":{"value":192973,"rank":49},"Disconnects":{"value":119,"rank":6},"Disconnects Per Game":{"value":0.14745972738537794,"rank":15}},"All":{"Win Percent":{"value":0.33191940615058324,"rank":415},"Points":{"value":13725,"rank":368},"Points Per Game":{"value":14.267151767151768,"rank":413},"Games":{"value":962,"rank":355},"Games Per Hour":{"value":15.009426398249074,"rank":29},"Wins":{"value":313,"rank":388},"Ties":{"value":2,"rank":375},"Losses":{"value":490,"rank":335},"Saves":{"value":1,"rank":417},"Save Percent":{"value":0.05,"rank":423},"Tags":{"value":3832,"rank":379},"Tags Per Game":{"value":3.9833679833679834,"rank":405},"Tags Per Hour":{"value":59.788068563503586,"rank":385},"Popped":{"value":6912,"rank":345},"Popped Per Game":{"value":7.185031185031185,"rank":33},"Popped Per Hour":{"value":107.84319674084989,"rank":2},"Tags Per Pop":{"value":0.5543981481481481,"rank":418},"Grabs":{"value":5366,"rank":349},"Grabs Per Game":{"value":0.7763310185185185,"rank":241},"Grabs Per Hour":{"value":83.72201876611697,"rank":16},"Captures":{"value":298,"rank":402},"Captures Per Game":{"value":0.3097713097713098,"rank":385},"Captures Per Hour":{"value":4.649489674301687,"rank":372},"Captures Per Grab":{"value":0.05553484904957137,"rank":417},"Hold":{"value":34142,"rank":365},"Hold Per Game":{"value":35.49064449064449,"rank":328},"Hold Per Grab":{"value":6.3626537458069325,"rank":405},"Hold Per Hour":{"value":532.6942163087525,"rank":265},"Hold Per Cap":{"value":114.57046979865771,"rank":21},"Prevent":{"value":24218,"rank":356},"Prevent Per Game":{"value":25.174636174636174,"rank":304},"Prevent Per Hour":{"value":377.8568487659003,"rank":253},"Returns":{"value":3157,"rank":376},"Returns Per Game":{"value":3.2817047817047817,"rank":388},"Returns Per Hour":{"value":49.256506381779964,"rank":351},"Support":{"value":13266,