{"name":"\\a\\d/o/","id":111,"All Time":{"Daily":{"Win Percent":{"value":0,"rank":276},"Points":{"value":375,"rank":36},"Points Per Game":{"value":22.058823529411764,"rank":39},"Games":{"value":17,"rank":43},"Games Per Hour":{"value":12.31636144093379,"rank":97},"Wins":{"value":11,"rank":31},"Ties":{"value":0,"rank":275},"Losses":{"value":6,"rank":59},"Saves":{"value":0,"rank":276},"Save Percent":{"value":0,"rank":276},"Tags":{"value":105,"rank":44},"Tags Per Game":{"value":6.176470588235294,"rank":60},"Tags Per Hour":{"value":76.07164419400281,"rank":75},"Popped":{"value":107,"rank":52},"Popped Per Game":{"value":6.294117647058823,"rank":92},"Popped Per Hour":{"value":77.5206278929362,"rank":114},"Tags Per Pop":{"value":0.9813084112149533,"rank":57},"Grabs":{"value":95,"rank":44},"Grabs Per Game":{"value":0.8878504672897196,"rank":35},"Grabs Per Hour":{"value":68.82672569933588,"rank":85},"Captures":{"value":11,"rank":28},"Captures Per Game":{"value":0.6470588235294118,"rank":46},"Captures Per Hour":{"value":7.969410344133628,"rank":47},"Captures Per Grab":{"value":0.11578947368421053,"rank":50},"Hold":{"value":655,"rank":48},"Hold Per Game":{"value":38.529411764705884,"rank":79},"Hold Per Grab":{"value":6.894736842105263,"rank":105},"Hold Per Hour":{"value":474.5421614006842,"rank":99},"Hold Per Cap":{"value":59.54545454545455,"rank":122},"Prevent":{"value":796,"rank":26},"Prevent Per Game":{"value":46.8235294117647,"rank":24},"Prevent Per Hour":{"value":576.695512175488,"rank":35},"Returns":{"value":95,"rank":37},"Returns Per Game":{"value":5.588235294117647,"rank":40},"Returns Per Hour":{"value":68.82672569933588,"rank":46},"Support":{"value":336,"rank":37},"Support Per Game":{"value":19.764705882352942,"rank":39},"Support Per Hour":{"value":243.42926142080904,"rank":51},"Non-Return Tags":{"value":10,"rank":89},"Prevent Per Return":{"value":8.378947368421052,"rank":49},"Power-up Percent":{"value":0.06,"rank":124},"Time Played":{"value":4969,"rank":45},"Disconnects":{"value":0,"rank":285},"Disconnects Per Game":{"value":0,"rank":285}},"Weekly":{"Win Percent":{"value":0.5987261146496815,"rank":44},"Points":{"value":3541,"rank":18},"Points Per Game":{"value":21.7239263803681,"rank":51},"Games":{"value":163,"rank":36},"Games Per Hour":{"value":12.298019490726187,"rank":175},"Wins":{"value":94,"rank":18},"Ties":{"value":3,"rank":20},"Losses":{"value":58,"rank":57},"Saves":{"value":2,"rank":53},"Save Percent":{"value":0.25,"rank":107},"Tags":{"value":1093,"rank":21},"Tags Per Game":{"value":6.705521472392638,"rank":84},"Tags Per Hour":{"value":82.46463376296762,"rank":111},"Popped":{"value":1008,"rank":44},"Popped Per Game":{"value":6.184049079754601,"rank":162},"Popped Per Hour":{"value":76.05155611442943,"rank":205},"Tags Per Pop":{"value":1.0843253968253967,"rank":75},"Grabs":{"value":843,"rank":38},"Grabs Per Game":{"value":0.8363095238095238,"rank":101},"Grabs Per Hour":{"value":63.60264067903176,"rank":175},"Captures":{"value":86,"rank":37},"Captures Per Game":{"value":0.5276073619631901,"rank":122},"Captures Per Hour":{"value":6.488525620873939,"rank":126},"Captures Per Grab":{"value":0.10201660735468565,"rank":101},"Hold":{"value":7000,"rank":31},"Hold Per Game":{"value":42.94478527607362,"rank":120},"Hold Per Grab":{"value":8.303677342823251,"rank":90},"Hold Per Hour":{"value":528.1358063502043,"rank":145},"Hold Per Cap":{"value":81.3953488372093,"rank":123},"Prevent":{"value":7694,"rank":11},"Prevent Per Game":{"value":47.20245398773006,"rank":33},"Prevent Per Hour":{"value":580.4966991512104,"rank":48},"Returns":{"value":922,"rank":15},"Returns Per Game":{"value":5.656441717791411,"rank":61},"Returns Per Hour":{"value":69.56303049355549,"rank":84},"Support":{"value":2702,"rank":36},"Support Per Game":{"value":16.57668711656442,"rank":137},"Support Per Hour":{"value":203.86042125117888,"rank":164},"Non-Return Tags":{"value":171,"rank":55},"Prevent Per Return":{"value":8.344902386117136,"rank":63},"Power-up Percent":{"value":0.09,"rank":171},"Time Played":{"value":47715,"rank":24},"Disconnects":{"value":2,"rank":132},"Disconnects Per Game":{"value":0.012269938650306749,"rank":153}},"Monthly":{"Win Percent":{"value":0.5238435860753456,"rank":137},"Points":{"value":13963,"rank":45},"Points Per Game":{"value":20.902694610778443,"rank":74},"Games":{"value":668,"rank":63},"Games Per Hour":{"value":12.133994661607472,"rank":242},"Wins":{"value":338,"rank":58},"Ties":{"value":12,"rank":14},"Losses":{"value":286,"rank":51},"Saves":{"value":8,"rank":57},"Save Percent":{"value":0.26,"rank":153},"Tags":{"value":4446,"rank":48},"Tags Per Game":{"value":6.655688622754491,"rank":108},"Tags Per Hour":{"value":80.76009021782458,"rank":156},"Popped":{"value":4325,"rank":71},"Popped Per Game":{"value":6.474550898203593,"rank":140},"Popped Per Hour":{"value":78.56216603510826,"rank":207},"Tags Per Pop":{"value":1.0279768786127168,"rank":110},"Grabs":{"value":3537,"rank":70},"Grabs Per Game":{"value":0.8178034682080925,"rank":137},"Grabs Per Hour":{"value":64.24841185345154,"rank":194},"Captures":{"value":306,"rank":72},"Captures Per Game":{"value":0.45808383233532934,"rank":177},"Captures Per Hour":{"value":5.558386776125578,"rank":194},"Captures Per Grab":{"value":0.08651399491094147,"rank":182},"Hold":{"value":28044,"rank":60},"Hold Per Game":{"value":41.98203592814371,"rank":142},"Hold Per Grab":{"value":7.928753180661578,"rank":136},"Hold Per Hour":{"value":509.4097998355089,"rank":177},"Hold Per Cap":{"value":91.6470588235294,"rank":68},"Prevent":{"value":33870,"rank":21},"Prevent Per Game":{"value":50.703592814371255,"rank":16},"Prevent Per Hour":{"value":615.2371245338998,"rank":29},"Returns":{"value":3731,"rank":38},"Returns Per Game":{"value":5.585329341317365,"rank":77},"Returns Per Hour":{"value":67.77235641086449,"rank":110},"Support":{"value":11508,"rank":57},"Support Per Game":{"value":17.227544910179642,"rank":124},"Support Per Hour":{"value":209.03893797272275,"rank":189},"Non-Return Tags":{"value":715,"rank":82},"Prevent Per Return":{"value":9.07799517555615,"rank":40},"Power-up Percent":{"value":0.08,"rank":217},"Time Played":{"value":198187,"rank":44},"Disconnects":{"value":9,"rank":144},"Disconnects Per Game":{"value":0.01347305389221557,"rank":179}},"All":{"Win Percent":{"value":0.5188489208633094,"rank":285},"Points":{"value":47697,"rank":289},"Points Per Game":{"value":19.88203418090871,"rank":124},"Games":{"value":2399,"rank":305},"Games Per Hour":{"value":12.502533397416224,"rank":371},"Wins":{"value":1202,"rank":295},"Ties":{"value":39,"rank":182},"Losses":{"value":1029,"rank":296},"Saves":{"value":26,"rank":217},"Save Percent":{"value":0.24,"rank":354},"Tags":{"value":14531,"rank":290},"Tags Per Game":{"value":6.057107127969988,"rank":155},"Tags Per Hour":{"value":75.72918415917263,"rank":214},"Popped":{"value":15829,"rank":298},"Popped Per Game":{"value":6.598165902459358,"rank":115},"Popped Per Hour":{"value":82.49378955719109,"rank":208},"Tags Per Pop":{"value":0.9179986101459346,"rank":222},"Grabs":{"value":13052,"rank":289},"Grabs Per Game":{"value":0.8245625118453471,"rank":157},"Grabs Per Hour":{"value":68.02128632891895,"rank":181},"Captures":{"value":1126,"rank":300},"Captures Per Game":{"value":0.46936223426427676,"rank":301},"Captures Per Hour":{"value":5.868217009375018,"rank":314},"Captures Per Grab":{"value":0.0862703034017775,"rank":341},"Hold":{"value":95014,"rank":294},"Hold Per Game":{"value":39.60566902876199,"rank":274},"Hold Per Grab":{"value":7.279650628256206,"rank":359},"Hold Per Hour":{"value":495.1711997591101,"rank":312},"Hold Per Cap":{"value":84.38188277087033,"rank":124},"Prevent":{"value":114278,"rank":259},"Prevent Per Game":{"value":47.63568153397249,"rank":18},"Prevent Per Hour":{"value":595.5666992871744,"rank":27},"Returns":{"value":12542,"rank":281},"Returns Per Game":{"value":5.228011671529804,"rank":93},"Returns Per Hour":{"value":65.3633905253832,"rank":117},"Support":{"value":42631,