{"name":"Guaderno","id":118,"All Time":{"Daily":{"Win Percent":{"value":0.5206310679611651,"rank":14},"Points":{"value":487,"rank":22},"Points Per Game":{"value":18.037037037037038,"rank":87},"Games":{"value":27,"rank":19},"Games Per Hour":{"value":14.277320799059929,"rank":54},"Wins":{"value":13,"rank":23},"Ties":{"value":0,"rank":84},"Losses":{"value":12,"rank":19},"Saves":{"value":1,"rank":2},"Save Percent":{"value":0.33,"rank":16},"Tags":{"value":191,"rank":12},"Tags Per Game":{"value":7.074074074074074,"rank":34},"Tags Per Hour":{"value":100.99882491186838,"rank":23},"Popped":{"value":168,"rank":23},"Popped Per Game":{"value":6.222222222222222,"rank":93},"Popped Per Hour":{"value":88.83666274970622,"rank":70},"Tags Per Pop":{"value":1.1369047619047619,"rank":32},"Grabs":{"value":136,"rank":22},"Grabs Per Game":{"value":0.8095238095238095,"rank":68},"Grabs Per Hour":{"value":71.91539365452408,"rank":73},"Captures":{"value":8,"rank":47},"Captures Per Game":{"value":0.2962962962962963,"rank":109},"Captures Per Hour":{"value":4.230317273795534,"rank":101},"Captures Per Grab":{"value":0.058823529411764705,"rank":108},"Hold":{"value":898,"rank":25},"Hold Per Game":{"value":33.25925925925926,"rank":108},"Hold Per Grab":{"value":6.602941176470588,"rank":115},"Hold Per Hour":{"value":474.8531139835487,"rank":98},"Hold Per Cap":{"value":112.25,"rank":57},"Prevent":{"value":773,"rank":28},"Prevent Per Game":{"value":28.62962962962963,"rank":92},"Prevent Per Hour":{"value":408.75440658049354,"rank":79},"Returns":{"value":154,"rank":13},"Returns Per Game":{"value":5.703703703703703,"rank":37},"Returns Per Hour":{"value":81.43360752056404,"rank":22},"Support":{"value":400,"rank":25},"Support Per Game":{"value":14.814814814814815,"rank":96},"Support Per Hour":{"value":211.51586368977672,"rank":89},"Non-Return Tags":{"value":37,"rank":17},"Prevent Per Return":{"value":5.01948051948052,"rank":124},"Power-up Percent":{"value":0.13,"rank":51},"Time Played":{"value":6808,"rank":24},"Disconnects":{"value":0,"rank":114},"Disconnects Per Game":{"value":0,"rank":114}},"Weekly":{"Win Percent":{"value":0.5278793418647166,"rank":68},"Points":{"value":3745,"rank":15},"Points Per Game":{"value":18.26829268292683,"rank":173},"Games":{"value":205,"rank":16},"Games Per Hour":{"value":14.03815791976565,"rank":51},"Wins":{"value":105,"rank":12},"Ties":{"value":1,"rank":82},"Losses":{"value":88,"rank":15},"Saves":{"value":3,"rank":16},"Save Percent":{"value":0.33,"rank":72},"Tags":{"value":1351,"rank":12},"Tags Per Game":{"value":6.590243902439024,"rank":89},"Tags Per Hour":{"value":92.51488463221168,"rank":66},"Popped":{"value":1211,"rank":20},"Popped Per Game":{"value":5.907317073170732,"rank":187},"Popped Per Hour":{"value":82.92784995529856,"rank":147},"Tags Per Pop":{"value":1.115606936416185,"rank":69},"Grabs":{"value":932,"rank":28},"Grabs Per Game":{"value":0.7696118909991743,"rank":172},"Grabs Per Hour":{"value":63.822259420593106,"rank":174},"Captures":{"value":97,"rank":21},"Captures Per Game":{"value":0.47317073170731705,"rank":144},"Captures Per Hour":{"value":6.642445454718381,"rank":122},"Captures Per Grab":{"value":0.10407725321888411,"rank":99},"Hold":{"value":6280,"rank":40},"Hold Per Game":{"value":30.634146341463413,"rank":209},"Hold Per Grab":{"value":6.738197424892704,"rank":201},"Hold Per Hour":{"value":430.0469840786746,"rank":202},"Hold Per Cap":{"value":64.74226804123711,"rank":192},"Prevent":{"value":6889,"rank":16},"Prevent Per Game":{"value":33.604878048780485,"rank":142},"Prevent Per Hour":{"value":471.75058492324666,"rank":117},"Returns":{"value":1120,"rank":9},"Returns Per Game":{"value":5.463414634146342,"rank":76},"Returns Per Hour":{"value":76.69627741530502,"rank":51},"Support":{"value":2966,"rank":19},"Support Per Game":{"value":14.46829268292683,"rank":195},"Support Per Hour":{"value":203.1081775123167,"rank":166},"Non-Return Tags":{"value":231,"rank":28},"Prevent Per Return":{"value":6.150892857142857,"rank":180},"Power-up Percent":{"value":0.11,"rank":118},"Time Played":{"value":52571,"rank":17},"Disconnects":{"value":5,"rank":69},"Disconnects Per Game":{"value":0.024390243902439025,"rank":121}},"Monthly":{"Win Percent":{"value":0.5171530977982591,"rank":143},"Points":{"value":18942,"rank":6},"Points Per Game":{"value":18.904191616766468,"rank":175},"Games":{"value":1002,"rank":6},"Games Per Hour":{"value":13.660997307338356,"rank":80},"Wins":{"value":505,"rank":16},"Ties":{"value":5,"rank":86},"Losses":{"value":426,"rank":12},"Saves":{"value":17,"rank":3},"Save Percent":{"value":0.4,"rank":72},"Tags":{"value":6939,"rank":4},"Tags Per Game":{"value":6.925149700598802,"rank":87},"Tags Per Hour":{"value":94.60445141279526,"rank":72},"Popped":{"value":6422,"rank":7},"Popped Per Game":{"value":6.409181636726547,"rank":147},"Popped Per Hour":{"value":87.55581308156378,"rank":110},"Tags Per Pop":{"value":1.0805045157271878,"rank":93},"Grabs":{"value":4899,"rank":12},"Grabs Per Game":{"value":0.7628464652756151,"rank":209},"Grabs Per Hour":{"value":66.7916425236034,"rank":163},"Captures":{"value":478,"rank":23},"Captures Per Game":{"value":0.47704590818363274,"rank":165},"Captures Per Hour":{"value":6.5169228671733865,"rank":150},"Captures Per Grab":{"value":0.09757093284343743,"rank":139},"Hold":{"value":31653,"rank":36},"Hold Per Game":{"value":31.589820359281436,"rank":225},"Hold Per Grab":{"value":6.461114513165953,"rank":242},"Hold Per Hour":{"value":431.54845086744604,"rank":224},"Hold Per Cap":{"value":66.21966527196653,"rank":210},"Prevent":{"value":35790,"rank":15},"Prevent Per Game":{"value":35.7185628742515,"rank":122},"Prevent Per Hour":{"value":487.95119124714546,"rank":106},"Returns":{"value":5746,"rank":3},"Returns Per Game":{"value":5.734530938123752,"rank":70},"Returns Per Hour":{"value":78.33941170455707,"rank":57},"Support":{"value":16045,"rank":7},"Support Per Game":{"value":16.012974051896208,"rank":187},"Support Per Hour":{"value":218.75319540543305,"rank":149},"Non-Return Tags":{"value":1193,"rank":18},"Prevent Per Return":{"value":6.228680821441002,"rank":178},"Power-up Percent":{"value":0.11,"rank":140},"Time Played":{"value":264051,"rank":9},"Disconnects":{"value":41,"rank":50},"Disconnects Per Game":{"value":0.04091816367265469,"rank":110}},"All":{"Win Percent":{"value":0.44250923812286386,"rank":370},"Points":{"value":430082,"rank":9},"Points Per Game":{"value":17.297377734877735,"rank":312},"Games":{"value":24864,"rank":6},"Games Per Hour":{"value":13.69686558784631,"rank":147},"Wins":{"value":10796,"rank":23},"Ties":{"value":200,"rank":5},"Losses":{"value":11383,"rank":5},"Saves":{"value":164,"rank":5},"Save Percent":{"value":0.26,"rank":318},"Tags":{"value":137868,"rank":6},"Tags Per Game":{"value":5.5448841698841695,"rank":241},"Tags Per Hour":{"value":75.94753317508022,"rank":209},"Popped":{"value":157654,"rank":6},"Popped Per Game":{"value":6.340653153153153,"rank":171},"Popped Per Hour":{"value":86.84707397789262,"rank":127},"Tags Per Pop":{"value":0.8744973169091809,"rank":258},"Grabs":{"value":111097,"rank":11},"Grabs Per Game":{"value":0.7046887487789717,"rank":372},"Grabs Per Hour":{"value":61.20015589659594,"rank":285},"Captures":{"value":9108,"rank":50},"Captures Per Game":{"value":0.36631274131274133,"rank":360},"Captures Per Hour":{"value":5.0173363808761335,"rank":358},"Captures Per Grab":{"value":0.08198241176629432,"rank":356},"Hold":{"value":755961,"rank":34},"Hold Per Game":{"value":30.403836872586872,"rank":368},"Hold Per Grab":{"value":6.804513173172993,"rank":389},"Hold Per Hour":{"value":416.4372669986279,"rank":367},"Hold Per Cap":{"value":82.99967061923584,"rank":133},"Prevent":{"value":815758,"rank":7},"Prevent Per Game":{"value":32.80879987129987,"rank":165},"Prevent Per Hour":{"value":449.3777219357436,"rank":143},"Returns":{"value":114009,"rank":6},"Returns Per Game":{"value":4.585304054054054,"rank":185},"Returns Per Hour":{"value":62.804293307785144,"rank":146},