{"name":"InaneVoyage","id":121,"All Time":{"Daily":{"Win Percent":{"value":0,"rank":278},"Points":{"value":189,"rank":82},"Points Per Game":{"value":17.181818181818183,"rank":96},"Games":{"value":11,"rank":83},"Games Per Hour":{"value":13.306451612903226,"rank":70},"Wins":{"value":5,"rank":82},"Ties":{"value":0,"rank":277},"Losses":{"value":4,"rank":89},"Saves":{"value":0,"rank":278},"Save Percent":{"value":0,"rank":278},"Tags":{"value":91,"rank":51},"Tags Per Game":{"value":8.272727272727273,"rank":21},"Tags Per Hour":{"value":110.08064516129032,"rank":12},"Popped":{"value":76,"rank":76},"Popped Per Game":{"value":6.909090909090909,"rank":70},"Popped Per Hour":{"value":91.93548387096774,"rank":54},"Tags Per Pop":{"value":1.1973684210526316,"rank":26},"Grabs":{"value":56,"rank":82},"Grabs Per Game":{"value":0.7368421052631579,"rank":111},"Grabs Per Hour":{"value":67.74193548387098,"rank":93},"Captures":{"value":5,"rank":80},"Captures Per Game":{"value":0.45454545454545453,"rank":82},"Captures Per Hour":{"value":6.048387096774194,"rank":73},"Captures Per Grab":{"value":0.08928571428571429,"rank":77},"Hold":{"value":307,"rank":102},"Hold Per Game":{"value":27.90909090909091,"rank":122},"Hold Per Grab":{"value":5.482142857142857,"rank":136},"Hold Per Hour":{"value":371.3709677419355,"rank":129},"Hold Per Cap":{"value":61.4,"rank":118},"Prevent":{"value":523,"rank":55},"Prevent Per Game":{"value":47.54545454545455,"rank":22},"Prevent Per Hour":{"value":632.6612903225807,"rank":28},"Returns":{"value":76,"rank":45},"Returns Per Game":{"value":6.909090909090909,"rank":14},"Returns Per Hour":{"value":91.93548387096774,"rank":12},"Support":{"value":218,"rank":71},"Support Per Game":{"value":19.818181818181817,"rank":38},"Support Per Hour":{"value":263.7096774193549,"rank":35},"Non-Return Tags":{"value":15,"rank":69},"Prevent Per Return":{"value":6.881578947368421,"rank":83},"Power-up Percent":{"value":0.09,"rank":90},"Time Played":{"value":2976,"rank":80},"Disconnects":{"value":1,"rank":44},"Disconnects Per Game":{"value":0.09090909090909091,"rank":37}},"Weekly":{"Win Percent":{"value":0.5068493150684932,"rank":84},"Points":{"value":3060,"rank":35},"Points Per Game":{"value":20.675675675675677,"rank":91},"Games":{"value":148,"rank":45},"Games Per Hour":{"value":12.540306446677807,"rank":160},"Wins":{"value":74,"rank":44},"Ties":{"value":1,"rank":124},"Losses":{"value":66,"rank":41},"Saves":{"value":2,"rank":54},"Save Percent":{"value":0.5,"rank":48},"Tags":{"value":1046,"rank":24},"Tags Per Game":{"value":7.0675675675675675,"rank":65},"Tags Per Hour":{"value":88.62946312989855,"rank":83},"Popped":{"value":1030,"rank":40},"Popped Per Game":{"value":6.95945945945946,"rank":85},"Popped Per Hour":{"value":87.2737543248523,"rank":108},"Tags Per Pop":{"value":1.0155339805825243,"rank":103},"Grabs":{"value":776,"rank":46},"Grabs Per Game":{"value":0.7533980582524272,"rank":188},"Grabs Per Hour":{"value":65.7518770447431,"rank":158},"Captures":{"value":69,"rank":60},"Captures Per Game":{"value":0.46621621621621623,"rank":147},"Captures Per Hour":{"value":5.846494221761951,"rank":157},"Captures Per Grab":{"value":0.08891752577319588,"rank":150},"Hold":{"value":6052,"rank":46},"Hold Per Game":{"value":40.891891891891895,"rank":140},"Hold Per Grab":{"value":7.798969072164948,"rank":127},"Hold Per Hour":{"value":512.7968555087439,"rank":158},"Hold Per Cap":{"value":87.71014492753623,"rank":93},"Prevent":{"value":6962,"rank":15},"Prevent Per Game":{"value":47.04054054054054,"rank":34},"Prevent Per Hour":{"value":589.9027937957493,"rank":40},"Returns":{"value":904,"rank":16},"Returns Per Game":{"value":6.108108108108108,"rank":43},"Returns Per Hour":{"value":76.5975474851131,"rank":53},"Support":{"value":2568,"rank":42},"Support Per Game":{"value":17.35135135135135,"rank":105},"Support Per Hour":{"value":217.59126320992303,"rank":122},"Non-Return Tags":{"value":142,"rank":87},"Prevent Per Return":{"value":7.701327433628318,"rank":95},"Power-up Percent":{"value":0.13,"rank":97},"Time Played":{"value":42487,"rank":40},"Disconnects":{"value":5,"rank":77},"Disconnects Per Game":{"value":0.033783783783783786,"rank":99}},"Monthly":{"Win Percent":{"value":0.5443037974683544,"rank":116},"Points":{"value":6332,"rank":161},"Points Per Game":{"value":19.725856697819314,"rank":140},"Games":{"value":321,"rank":165},"Games Per Hour":{"value":13.166829979718798,"rank":124},"Wins":{"value":172,"rank":158},"Ties":{"value":2,"rank":190},"Losses":{"value":132,"rank":150},"Saves":{"value":5,"rank":111},"Save Percent":{"value":0.5,"rank":41},"Tags":{"value":2232,"rank":144},"Tags Per Game":{"value":6.953271028037383,"rank":85},"Tags Per Hour":{"value":91.55253742907276,"rank":83},"Popped":{"value":2083,"rank":158},"Popped Per Game":{"value":6.489096573208723,"rank":139},"Popped Per Hour":{"value":85.44083130141513,"rank":134},"Tags Per Pop":{"value":1.071531445031205,"rank":98},"Grabs":{"value":1583,"rank":163},"Grabs Per Game":{"value":0.7599615938550168,"rank":211},"Grabs Per Hour":{"value":64.93175033612106,"rank":187},"Captures":{"value":162,"rank":164},"Captures Per Game":{"value":0.5046728971962616,"rank":152},"Captures Per Hour":{"value":6.644942232755281,"rank":143},"Captures Per Grab":{"value":0.10233733417561591,"rank":121},"Hold":{"value":11888,"rank":171},"Hold Per Game":{"value":37.034267912772584,"rank":193},"Hold Per Grab":{"value":7.509791535060013,"rank":164},"Hold Per Hour":{"value":487.62390903083195,"rank":190},"Hold Per Cap":{"value":73.38271604938272,"rank":176},"Prevent":{"value":13594,"rank":136},"Prevent Per Game":{"value":42.348909657320874,"rank":64},"Prevent Per Hour":{"value":557.6008932844154,"rank":50},"Returns":{"value":1875,"rank":138},"Returns Per Game":{"value":5.841121495327103,"rank":60},"Returns Per Hour":{"value":76.9090536198528,"rank":62},"Support":{"value":5174,"rank":170},"Support Per Game":{"value":16.118380062305295,"rank":182},"Support Per Hour":{"value":212.2279698288631,"rank":173},"Non-Return Tags":{"value":357,"rank":167},"Prevent Per Return":{"value":7.250133333333333,"rank":118},"Power-up Percent":{"value":0.13,"rank":114},"Time Played":{"value":87766,"rank":164},"Disconnects":{"value":10,"rank":139},"Disconnects Per Game":{"value":0.03115264797507788,"rank":129}},"All":{"Win Percent":{"value":0.578005540454151,"rank":213},"Points":{"value":97424,"rank":216},"Points Per Game":{"value":16.59410662578777,"rank":355},"Games":{"value":5871,"rank":206},"Games Per Hour":{"value":14.05748673771809,"rank":83},"Wins":{"value":3370,"rank":206},"Ties":{"value":10,"rank":298},"Losses":{"value":2331,"rank":193},"Saves":{"value":20,"rank":241},"Save Percent":{"value":0.33,"rank":233},"Tags":{"value":34960,"rank":197},"Tags Per Game":{"value":5.9546925566343045,"rank":173},"Tags Per Hour":{"value":83.70801164207536,"rank":118},"Popped":{"value":33820,"rank":211},"Popped Per Game":{"value":5.760517799352751,"rank":299},"Popped Per Hour":{"value":80.9784025667903,"rank":236},"Tags Per Pop":{"value":1.0337078651685394,"rank":143},"Grabs":{"value":21624,"rank":247},"Grabs Per Game":{"value":0.6393849793021881,"rank":413},"Grabs Per Hour":{"value":51.77637424909146,"rank":384},"Captures":{"value":2851,"rank":222},"Captures Per Game":{"value":0.485607221938341,"rank":293},"Captures Per Hour":{"value":6.826417082138353,"rank":263},"Captures Per Grab":{"value":0.1318442471328154,"rank":188},"Hold":{"value":167731,"rank":256},"Hold Per Game":{"value":28.569408959291433,"rank":384},"Hold Per Grab":{"value":7.756705512393637,"rank":315},"Hold Per Hour":{"value":401.6140875496837,"rank":378},"Hold Per Cap":{"value":58.832339529989476,"rank":378},"Prevent":{"value":181307,"rank":187},"Prevent Per Game":{"value":30.881791858286494,"rank":204},"Prevent Per Hour":{"value":434.1203794848328,"rank":162},"Returns":{"value":27345,"rank":187},"Returns Per Game":{"value":4.657639243740419,"rank":170},"Returns Per Hour":{"value":65.47470189795625,"rank":115},