{"name":"Roy Mustang.","id":124,"All Time":{"Daily":{"Win Percent":{"value":0,"rank":254},"Points":{"value":111,"rank":112},"Points Per Game":{"value":10.090909090909092,"rank":143},"Games":{"value":11,"rank":81},"Games Per Hour":{"value":22.5769669327252,"rank":12},"Wins":{"value":5,"rank":81},"Ties":{"value":0,"rank":256},"Losses":{"value":2,"rank":118},"Saves":{"value":0,"rank":254},"Save Percent":{"value":0,"rank":254},"Tags":{"value":39,"rank":107},"Tags Per Game":{"value":3.5454545454545454,"rank":138},"Tags Per Hour":{"value":80.04561003420753,"rank":64},"Popped":{"value":43,"rank":112},"Popped Per Game":{"value":3.909090909090909,"rank":140},"Popped Per Hour":{"value":88.25541619156213,"rank":72},"Tags Per Pop":{"value":0.9069767441860465,"rank":66},"Grabs":{"value":30,"rank":115},"Grabs Per Game":{"value":0.6976744186046512,"rank":127},"Grabs Per Hour":{"value":61.57354618015964,"rank":110},"Captures":{"value":1,"rank":137},"Captures Per Game":{"value":0.09090909090909091,"rank":139},"Captures Per Hour":{"value":2.0524515393386547,"rank":135},"Captures Per Grab":{"value":0.03333333333333333,"rank":130},"Hold":{"value":229,"rank":117},"Hold Per Game":{"value":20.818181818181817,"rank":141},"Hold Per Grab":{"value":7.633333333333334,"rank":78},"Hold Per Hour":{"value":470.0114025085519,"rank":100},"Hold Per Cap":{"value":229,"rank":21},"Prevent":{"value":253,"rank":101},"Prevent Per Game":{"value":23,"rank":118},"Prevent Per Hour":{"value":519.2702394526796,"rank":44},"Returns":{"value":26,"rank":116},"Returns Per Game":{"value":2.3636363636363638,"rank":142},"Returns Per Hour":{"value":53.36374002280502,"rank":103},"Support":{"value":89,"rank":116},"Support Per Game":{"value":8.090909090909092,"rank":149},"Support Per Hour":{"value":182.66818700114024,"rank":112},"Non-Return Tags":{"value":13,"rank":76},"Prevent Per Return":{"value":9.73076923076923,"rank":28},"Power-up Percent":{"value":0.11,"rank":73},"Time Played":{"value":1754,"rank":110},"Disconnects":{"value":4,"rank":6},"Disconnects Per Game":{"value":0.36363636363636365,"rank":6}},"Weekly":{"Win Percent":{"value":0.48031496062992124,"rank":101},"Points":{"value":2557,"rank":58},"Points Per Game":{"value":19.66923076923077,"rank":129},"Games":{"value":130,"rank":64},"Games Per Hour":{"value":12.036108324974926,"rank":201},"Wins":{"value":61,"rank":81},"Ties":{"value":2,"rank":50},"Losses":{"value":58,"rank":56},"Saves":{"value":1,"rank":110},"Save Percent":{"value":0.25,"rank":104},"Tags":{"value":732,"rank":73},"Tags Per Game":{"value":5.630769230769231,"rank":175},"Tags Per Hour":{"value":67.77254841447419,"rank":200},"Popped":{"value":874,"rank":65},"Popped Per Game":{"value":6.723076923076923,"rank":114},"Popped Per Hour":{"value":80.91968212329296,"rank":163},"Tags Per Pop":{"value":0.8375286041189931,"rank":169},"Grabs":{"value":685,"rank":69},"Grabs Per Game":{"value":0.7837528604118993,"rank":164},"Grabs Per Hour":{"value":63.42103232775249,"rank":176},"Captures":{"value":56,"rank":91},"Captures Per Game":{"value":0.4307692307692308,"rank":166},"Captures Per Hour":{"value":5.184785124604583,"rank":185},"Captures Per Grab":{"value":0.08175182481751825,"rank":172},"Hold":{"value":6023,"rank":48},"Hold Per Game":{"value":46.33076923076923,"rank":91},"Hold Per Grab":{"value":8.792700729927008,"rank":53},"Hold Per Hour":{"value":557.6421572409536,"rank":118},"Hold Per Cap":{"value":107.55357142857143,"rank":35},"Prevent":{"value":5503,"rank":42},"Prevent Per Game":{"value":42.33076923076923,"rank":67},"Prevent Per Hour":{"value":509.4977239410539,"rank":97},"Returns":{"value":541,"rank":83},"Returns Per Game":{"value":4.161538461538462,"rank":189},"Returns Per Hour":{"value":50.08872772162642,"rank":213},"Support":{"value":2085,"rank":75},"Support Per Game":{"value":16.03846153846154,"rank":155},"Support Per Hour":{"value":193.04066044286705,"rank":200},"Non-Return Tags":{"value":191,"rank":41},"Prevent Per Return":{"value":10.171903881700555,"rank":28},"Power-up Percent":{"value":0.09,"rank":170},"Time Played":{"value":38883,"rank":52},"Disconnects":{"value":6,"rank":63},"Disconnects Per Game":{"value":0.046153846153846156,"rank":86}},"Monthly":{"Win Percent":{"value":0.5395873320537428,"rank":126},"Points":{"value":6808,"rank":147},"Points Per Game":{"value":20.38323353293413,"rank":105},"Games":{"value":334,"rank":156},"Games Per Hour":{"value":12.081265197033941,"rank":243},"Wins":{"value":173,"rank":157},"Ties":{"value":6,"rank":78},"Losses":{"value":135,"rank":145},"Saves":{"value":2,"rank":184},"Save Percent":{"value":0.13,"rank":222},"Tags":{"value":1928,"rank":158},"Tags Per Game":{"value":5.772455089820359,"rank":182},"Tags Per Hour":{"value":69.73856077808814,"rank":211},"Popped":{"value":2197,"rank":151},"Popped Per Game":{"value":6.577844311377246,"rank":129},"Popped Per Hour":{"value":79.4686815505496,"rank":203},"Tags Per Pop":{"value":0.8775603095129723,"rank":179},"Grabs":{"value":1713,"rank":157},"Grabs Per Game":{"value":0.779699590350478,"rank":188},"Grabs Per Hour":{"value":61.96169845065611,"rank":215},"Captures":{"value":136,"rank":182},"Captures Per Game":{"value":0.40718562874251496,"rank":207},"Captures Per Hour":{"value":4.9193175652593295,"rank":220},"Captures Per Grab":{"value":0.0793928779918272,"rank":210},"Hold":{"value":14893,"rank":150},"Hold Per Game":{"value":44.58982035928144,"rank":117},"Hold Per Grab":{"value":8.694103911266783,"rank":72},"Hold Per Hour":{"value":538.7014448485822,"rank":152},"Hold Per Cap":{"value":109.50735294117646,"rank":23},"Prevent":{"value":14931,"rank":122},"Prevent Per Game":{"value":44.703592814371255,"rank":48},"Prevent Per Hour":{"value":540.0759600506401,"rank":71},"Returns":{"value":1482,"rank":162},"Returns Per Game":{"value":4.437125748502994,"rank":193},"Returns Per Hour":{"value":53.6060928802524,"rank":221},"Support":{"value":5487,"rank":160},"Support Per Game":{"value":16.42814371257485,"rank":168},"Support Per Hour":{"value":198.4727608866025,"rank":230},"Non-Return Tags":{"value":446,"rank":145},"Prevent Per Return":{"value":10.074898785425102,"rank":22},"Power-up Percent":{"value":0.08,"rank":215},"Time Played":{"value":99526,"rank":143},"Disconnects":{"value":7,"rank":154},"Disconnects Per Game":{"value":0.020958083832335328,"rank":155}},"All":{"Win Percent":{"value":0.3698548697324707,"rank":401},"Points":{"value":109706,"rank":199},"Points Per Game":{"value":14.983064736410817,"rank":408},"Games":{"value":7322,"rank":158},"Games Per Hour":{"value":14.635161988288184,"rank":45},"Wins":{"value":2644,"rank":232},"Ties":{"value":47,"rank":156},"Losses":{"value":3352,"rank":132},"Saves":{"value":33,"rank":184},"Save Percent":{"value":0.16,"rank":404},"Tags":{"value":33462,"rank":204},"Tags Per Game":{"value":4.5700628243649275,"rank":368},"Tags Per Hour":{"value":66.88360973123453,"rank":324},"Popped":{"value":39674,"rank":180},"Popped Per Game":{"value":5.418464900300465,"rank":356},"Popped Per Hour":{"value":79.30011154375107,"rank":266},"Tags Per Pop":{"value":0.8434239048243182,"rank":275},"Grabs":{"value":24790,"rank":228},"Grabs Per Game":{"value":0.6248424660987044,"rank":419},"Grabs Per Hour":{"value":49.55007725889976,"rank":393},"Captures":{"value":1490,"rank":275},"Captures Per Game":{"value":0.20349631248292815,"rank":420},"Captures Per Hour":{"value":2.9782014972069644,"rank":420},"Captures Per Grab":{"value":0.06010488100040339,"rank":410},"Hold":{"value":169718,"rank":254},"Hold Per Game":{"value":23.17918601475007,"rank":415},"Hold Per Grab":{"value":6.846228317870109,"rank":386},"Hold Per Hour":{"value":339.2311420825313,"rank":409},"Hold Per Cap":{"value":113.90469798657718,"rank":23},"Prevent":{"value":275290,"rank":118},"Prevent Per Game":{"value":37.59765091505053,"rank":86},"Prevent Per Hour":{"value":550.247711520876,"rank":42},"Returns":{"value":28449,"rank":180},"Returns Per Game":{"value":3.885413821360284,"rank":310},"Returns Per Hour":{"value":56.863660667141566,"rank":243},