{"name":"Vanitas","id":138,"All Time":{"Daily":{"Win Percent":{"value":0,"rank":208},"Points":{"value":183,"rank":85},"Points Per Game":{"value":13.071428571428571,"rank":131},"Games":{"value":14,"rank":64},"Games Per Hour":{"value":18.68743047830923,"rank":19},"Wins":{"value":6,"rank":68},"Ties":{"value":0,"rank":213},"Losses":{"value":4,"rank":84},"Saves":{"value":0,"rank":208},"Save Percent":{"value":0,"rank":208},"Tags":{"value":40,"rank":105},"Tags Per Game":{"value":2.857142857142857,"rank":146},"Tags Per Hour":{"value":53.392658509454954,"rank":134},"Popped":{"value":55,"rank":97},"Popped Per Game":{"value":3.9285714285714284,"rank":139},"Popped Per Hour":{"value":73.41490545050056,"rank":128},"Tags Per Pop":{"value":0.7272727272727273,"rank":110},"Grabs":{"value":47,"rank":92},"Grabs Per Game":{"value":0.8545454545454545,"rank":50},"Grabs Per Hour":{"value":62.73637374860956,"rank":106},"Captures":{"value":3,"rank":100},"Captures Per Game":{"value":0.21428571428571427,"rank":124},"Captures Per Hour":{"value":4.004449388209121,"rank":106},"Captures Per Grab":{"value":0.06382978723404255,"rank":103},"Hold":{"value":477,"rank":77},"Hold Per Game":{"value":34.07142857142857,"rank":104},"Hold Per Grab":{"value":10.148936170212766,"rank":28},"Hold Per Hour":{"value":636.7074527252503,"rank":42},"Hold Per Cap":{"value":159,"rank":34},"Prevent":{"value":293,"rank":88},"Prevent Per Game":{"value":20.928571428571427,"rank":126},"Prevent Per Hour":{"value":391.1012235817575,"rank":92},"Returns":{"value":28,"rank":113},"Returns Per Game":{"value":2,"rank":149},"Returns Per Hour":{"value":37.37486095661846,"rank":147},"Support":{"value":121,"rank":102},"Support Per Game":{"value":8.642857142857142,"rank":148},"Support Per Hour":{"value":161.5127919911012,"rank":132},"Non-Return Tags":{"value":12,"rank":81},"Prevent Per Return":{"value":10.464285714285714,"rank":21},"Power-up Percent":{"value":0.1,"rank":78},"Time Played":{"value":2697,"rank":88},"Disconnects":{"value":3,"rank":12},"Disconnects Per Game":{"value":0.21428571428571427,"rank":15}},"Weekly":{"Win Percent":{"value":0.5221595487510072,"rank":72},"Points":{"value":2745,"rank":45},"Points Per Game":{"value":18.93103448275862,"rank":152},"Games":{"value":145,"rank":49},"Games Per Hour":{"value":13.109648902506406,"rank":115},"Wins":{"value":72,"rank":48},"Ties":{"value":1,"rank":108},"Losses":{"value":54,"rank":68},"Saves":{"value":4,"rank":8},"Save Percent":{"value":0.36,"rank":68},"Tags":{"value":773,"rank":66},"Tags Per Game":{"value":5.3310344827586205,"rank":191},"Tags Per Hour":{"value":69.88799035612034,"rank":185},"Popped":{"value":894,"rank":59},"Popped Per Game":{"value":6.165517241379311,"rank":163},"Popped Per Hour":{"value":80.8277663368326,"rank":164},"Tags Per Pop":{"value":0.8646532438478747,"rank":157},"Grabs":{"value":681,"rank":71},"Grabs Per Game":{"value":0.761744966442953,"rank":183},"Grabs Per Hour":{"value":61.57014415590939,"rank":189},"Captures":{"value":54,"rank":99},"Captures Per Game":{"value":0.3724137931034483,"rank":195},"Captures Per Hour":{"value":4.882214074036868,"rank":197},"Captures Per Grab":{"value":0.07929515418502203,"rank":176},"Hold":{"value":5155,"rank":73},"Hold Per Game":{"value":35.55172413793103,"rank":181},"Hold Per Grab":{"value":7.569750367107195,"rank":140},"Hold Per Hour":{"value":466.070621327038,"rank":179},"Hold Per Cap":{"value":95.46296296296296,"rank":67},"Prevent":{"value":6661,"rank":19},"Prevent Per Game":{"value":45.93793103448276,"rank":46},"Prevent Per Hour":{"value":602.2301471696218,"rank":34},"Returns":{"value":587,"rank":71},"Returns Per Game":{"value":4.048275862068966,"rank":201},"Returns Per Hour":{"value":53.07147521221558,"rank":198},"Support":{"value":2511,"rank":45},"Support Per Game":{"value":17.317241379310346,"rank":107},"Support Per Hour":{"value":227.02295444271437,"rank":91},"Non-Return Tags":{"value":186,"rank":46},"Prevent Per Return":{"value":11.347529812606474,"rank":15},"Power-up Percent":{"value":0.09,"rank":165},"Time Played":{"value":39818,"rank":50},"Disconnects":{"value":11,"rank":35},"Disconnects Per Game":{"value":0.07586206896551724,"rank":47}},"Monthly":{"Win Percent":{"value":0.5300477056663349,"rank":132},"Points":{"value":22558,"rank":4},"Points Per Game":{"value":20.195165622202328,"rank":115},"Games":{"value":1117,"rank":4},"Games Per Hour":{"value":12.233387180680667,"rank":233},"Wins":{"value":572,"rank":4},"Ties":{"value":16,"rank":3},"Losses":{"value":448,"rank":8},"Saves":{"value":14,"rank":12},"Save Percent":{"value":0.27,"rank":145},"Tags":{"value":6803,"rank":8},"Tags Per Game":{"value":6.090420769919427,"rank":157},"Tags Per Hour":{"value":74.50647537168359,"rank":184},"Popped":{"value":7353,"rank":4},"Popped Per Game":{"value":6.5828111011638315,"rank":125},"Popped Per Hour":{"value":80.53007693782,"rank":188},"Tags Per Pop":{"value":0.9252005983952128,"rank":155},"Grabs":{"value":5563,"rank":5},"Grabs Per Game":{"value":0.75656194750442,"rank":216},"Grabs Per Hour":{"value":60.925991840757874,"rank":223},"Captures":{"value":399,"rank":41},"Captures Per Game":{"value":0.35720680393912263,"rank":221},"Captures Per Hour":{"value":4.369849136160775,"rank":237},"Captures Per Grab":{"value":0.07172388998741686,"rank":233},"Hold":{"value":44508,"rank":8},"Hold Per Game":{"value":39.84601611459266,"rank":166},"Hold Per Grab":{"value":8.000719036491102,"rank":130},"Hold Per Hour":{"value":487.45174273745306,"rank":191},"Hold Per Cap":{"value":111.54887218045113,"rank":20},"Prevent":{"value":50917,"rank":1},"Prevent Per Game":{"value":45.58370635631155,"rank":41},"Prevent Per Hour":{"value":557.6431289872136,"rank":49},"Returns":{"value":5482,"rank":6},"Returns Per Game":{"value":4.907788719785139,"rank":148},"Returns Per Hour":{"value":60.0388796101087,"rank":178},"Support":{"value":18496,"rank":4},"Support Per Game":{"value":16.55863921217547,"rank":161},"Support Per Hour":{"value":202.5682446677436,"rank":217},"Non-Return Tags":{"value":1321,"rank":11},"Prevent Per Return":{"value":9.288033564392558,"rank":36},"Power-up Percent":{"value":0.08,"rank":212},"Time Played":{"value":328707,"rank":4},"Disconnects":{"value":45,"rank":46},"Disconnects Per Game":{"value":0.04028648164726947,"rank":114}},"All":{"Win Percent":{"value":0.47986948503333804,"rank":335},"Points":{"value":51469,"rank":283},"Points Per Game":{"value":18.46090387374462,"rank":222},"Games":{"value":2788,"rank":289},"Games Per Hour":{"value":12.941375188734835,"rank":291},"Wins":{"value":1301,"rank":290},"Ties":{"value":34,"rank":197},"Losses":{"value":1145,"rank":289},"Saves":{"value":27,"rank":211},"Save Percent":{"value":0.26,"rank":322},"Tags":{"value":16032,"rank":280},"Tags Per Game":{"value":5.7503586800573885,"rank":209},"Tags Per Hour":{"value":74.41754914842069,"rank":233},"Popped":{"value":17272,"rank":286},"Popped Per Game":{"value":6.195121951219512,"rank":203},"Popped Per Hour":{"value":80.17339751069873,"rank":250},"Tags Per Pop":{"value":0.9282075034738305,"rank":213},"Grabs":{"value":12643,"rank":290},"Grabs Per Game":{"value":0.7319939786938398,"rank":334},"Grabs Per Hour":{"value":58.68644422925915,"rank":319},"Captures":{"value":885,"rank":313},"Captures Per Game":{"value":0.31743185078909614,"rank":383},"Captures Per Hour":{"value":4.1080046779161865,"rank":389},"Captures Per Grab":{"value":0.06999920904848533,"rank":386},"Hold":{"value":95947,"rank":293},"Hold Per Game":{"value":34.414275466284074,"rank":338},"Hold Per Grab":{"value":7.588942497824883,"rank":330},"Hold Per Hour":{"value":445.36805065765463,"rank":349},"Hold Per Cap":{"value":108.41468926553672,"rank":29},"Prevent":{"value":118483,"rank":255},"Prevent Per Game":{"value":42.49748923959828,"rank":35},"Prevent Per Hour":{"value":549.9759528288628,"rank":43},"Returns":{"value":13063,"rank":277},"Returns Per Game":{"value":4.6854375896700144,"rank":165},"Returns Per Hour":{"value":60.63600577132108,"rank":176},"Support":{"value":43325,"rank":274},