{"name":"ThePace","id":140,"All Time":{"Daily":{"Win Percent":{"value":0,"rank":30},"Points":{"value":143,"rank":98},"Points Per Game":{"value":11,"rank":141},"Games":{"value":13,"rank":69},"Games Per Hour":{"value":23.34164588528678,"rank":10},"Wins":{"value":6,"rank":64},"Ties":{"value":0,"rank":33},"Losses":{"value":3,"rank":95},"Saves":{"value":0,"rank":30},"Save Percent":{"value":0,"rank":30},"Tags":{"value":46,"rank":94},"Tags Per Game":{"value":3.5384615384615383,"rank":139},"Tags Per Hour":{"value":82.5935162094763,"rank":55},"Popped":{"value":48,"rank":104},"Popped Per Game":{"value":3.6923076923076925,"rank":142},"Popped Per Hour":{"value":86.18453865336659,"rank":85},"Tags Per Pop":{"value":0.9583333333333334,"rank":61},"Grabs":{"value":41,"rank":100},"Grabs Per Game":{"value":0.8541666666666666,"rank":51},"Grabs Per Hour":{"value":73.61596009975062,"rank":60},"Captures":{"value":8,"rank":46},"Captures Per Game":{"value":0.6153846153846154,"rank":52},"Captures Per Hour":{"value":14.364089775561096,"rank":11},"Captures Per Grab":{"value":0.1951219512195122,"rank":12},"Hold":{"value":257,"rank":110},"Hold Per Game":{"value":19.76923076923077,"rank":143},"Hold Per Grab":{"value":6.2682926829268295,"rank":120},"Hold Per Hour":{"value":461.44638403990024,"rank":104},"Hold Per Cap":{"value":32.125,"rank":149},"Prevent":{"value":265,"rank":95},"Prevent Per Game":{"value":20.384615384615383,"rank":129},"Prevent Per Hour":{"value":475.81047381546136,"rank":57},"Returns":{"value":44,"rank":87},"Returns Per Game":{"value":3.3846153846153846,"rank":129},"Returns Per Hour":{"value":79.00249376558604,"rank":26},"Support":{"value":123,"rank":99},"Support Per Game":{"value":9.461538461538462,"rank":142},"Support Per Hour":{"value":220.84788029925187,"rank":74},"Non-Return Tags":{"value":2,"rank":132},"Prevent Per Return":{"value":6.0227272727272725,"rank":101},"Power-up Percent":{"value":0.07,"rank":100},"Time Played":{"value":2005,"rank":102},"Disconnects":{"value":3,"rank":7},"Disconnects Per Game":{"value":0.23076923076923078,"rank":14}},"Weekly":{"Win Percent":{"value":0.520990764063812,"rank":75},"Points":{"value":2345,"rank":76},"Points Per Game":{"value":16.17241379310345,"rank":221},"Games":{"value":145,"rank":46},"Games Per Hour":{"value":15.594192507617853,"rank":15},"Wins":{"value":73,"rank":46},"Ties":{"value":0,"rank":161},"Losses":{"value":38,"rank":117},"Saves":{"value":1,"rank":67},"Save Percent":{"value":0.17,"rank":124},"Tags":{"value":893,"rank":39},"Tags Per Game":{"value":6.158620689655172,"rank":131},"Tags Per Hour":{"value":96.03871661588097,"rank":50},"Popped":{"value":795,"rank":83},"Popped Per Game":{"value":5.482758620689655,"rank":213},"Popped Per Hour":{"value":85.49919340383582,"rank":124},"Tags Per Pop":{"value":1.1232704402515723,"rank":64},"Grabs":{"value":692,"rank":66},"Grabs Per Game":{"value":0.8704402515723271,"rank":64},"Grabs Per Hour":{"value":74.42193941566589,"rank":86},"Captures":{"value":86,"rank":34},"Captures Per Game":{"value":0.593103448275862,"rank":97},"Captures Per Hour":{"value":9.24896934934576,"rank":58},"Captures Per Grab":{"value":0.12427745664739884,"rank":63},"Hold":{"value":6092,"rank":45},"Hold Per Game":{"value":42.01379310344828,"rank":129},"Hold Per Grab":{"value":8.803468208092486,"rank":52},"Hold Per Hour":{"value":655.1711776303997,"rank":60},"Hold Per Cap":{"value":70.83720930232558,"rank":173},"Prevent":{"value":5245,"rank":48},"Prevent Per Game":{"value":36.172413793103445,"rank":126},"Prevent Per Hour":{"value":564.0795841548664,"rank":58},"Returns":{"value":782,"rank":30},"Returns Per Game":{"value":5.393103448275862,"rank":84},"Returns Per Hour":{"value":84.10109338591145,"rank":26},"Support":{"value":2065,"rank":76},"Support Per Game":{"value":14.241379310344827,"rank":200},"Support Per Hour":{"value":222.08281053952322,"rank":105},"Non-Return Tags":{"value":111,"rank":125},"Prevent Per Return":{"value":6.707161125319693,"rank":141},"Power-up Percent":{"value":0.1,"rank":140},"Time Played":{"value":33474,"rank":78},"Disconnects":{"value":31,"rank":6},"Disconnects Per Game":{"value":0.21379310344827587,"rank":7}},"Monthly":{"Win Percent":{"value":0.5027388922702374,"rank":159},"Points":{"value":3947,"rank":197},"Points Per Game":{"value":15.915322580645162,"rank":248},"Games":{"value":248,"rank":182},"Games Per Hour":{"value":15.527226560461921,"rank":15},"Wins":{"value":118,"rank":192},"Ties":{"value":0,"rank":238},"Losses":{"value":64,"rank":198},"Saves":{"value":1,"rank":200},"Save Percent":{"value":0.07,"rank":235},"Tags":{"value":1441,"rank":186},"Tags Per Game":{"value":5.810483870967742,"rank":180},"Tags Per Hour":{"value":90.22069949042591,"rank":90},"Popped":{"value":1392,"rank":194},"Popped Per Game":{"value":5.612903225806452,"rank":239},"Popped Per Hour":{"value":87.15282004904432,"rank":117},"Tags Per Pop":{"value":1.0352011494252873,"rank":107},"Grabs":{"value":1240,"rank":187},"Grabs Per Game":{"value":0.8908045977011494,"rank":55},"Grabs Per Hour":{"value":77.6361328023096,"rank":72},"Captures":{"value":154,"rank":167},"Captures Per Game":{"value":0.6209677419354839,"rank":102},"Captures Per Hour":{"value":9.64190681577071,"rank":61},"Captures Per Grab":{"value":0.12419354838709677,"rank":68},"Hold":{"value":10736,"rank":179},"Hold Per Game":{"value":43.29032258064516,"rank":132},"Hold Per Grab":{"value":8.658064516129032,"rank":75},"Hold Per Hour":{"value":672.178646585158,"rank":57},"Hold Per Cap":{"value":69.71428571428571,"rank":190},"Prevent":{"value":8665,"rank":184},"Prevent Per Game":{"value":34.939516129032256,"rank":130},"Prevent Per Hour":{"value":542.5137828483973,"rank":67},"Returns":{"value":1250,"rank":179},"Returns Per Game":{"value":5.040322580645161,"rank":123},"Returns Per Hour":{"value":78.26223064748952,"rank":59},"Support":{"value":3550,"rank":196},"Support Per Game":{"value":14.314516129032258,"rank":238},"Support Per Hour":{"value":222.26473503887024,"rank":128},"Non-Return Tags":{"value":191,"rank":210},"Prevent Per Return":{"value":6.932,"rank":136},"Power-up Percent":{"value":0.11,"rank":138},"Time Played":{"value":57499,"rank":194},"Disconnects":{"value":57,"rank":28},"Disconnects Per Game":{"value":0.22983870967741934,"rank":6}},"All":{"Win Percent":{"value":0.44484692278220894,"rank":369},"Points":{"value":95397,"rank":222},"Points Per Game":{"value":14.432223903177004,"rank":412},"Games":{"value":6610,"rank":179},"Games Per Hour":{"value":15.709263752042382,"rank":15},"Wins":{"value":2884,"rank":221},"Ties":{"value":35,"rank":192},"Losses":{"value":2130,"rank":210},"Saves":{"value":57,"rank":104},"Save Percent":{"value":0.31,"rank":248},"Tags":{"value":26267,"rank":239},"Tags Per Game":{"value":3.9738275340393345,"rank":406},"Tags Per Hour":{"value":62.42590483735208,"rank":360},"Popped":{"value":40307,"rank":174},"Popped Per Game":{"value":6.097881996974281,"rank":225},"Popped Per Hour":{"value":95.79323661929989,"rank":31},"Tags Per Pop":{"value":0.6516734066043119,"rank":393},"Grabs":{"value":35280,"rank":159},"Grabs Per Game":{"value":0.8752822090455752,"rank":88},"Grabs Per Hour":{"value":83.8461157597663,"rank":15},"Captures":{"value":4029,"rank":183},"Captures Per Game":{"value":0.6095310136157337,"rank":199},"Captures Per Hour":{"value":9.5752834579393,"rank":147},"Captures Per Grab":{"value":0.11420068027210885,"rank":247},"Hold":{"value":309412,"rank":172},"Hold Per Game":{"value":46.80968229954614,"rank":178},"Hold Per Grab":{"value":8.770181405895691,"rank":240},"Hold Per Hour":{"value":735.3456453928801,"rank":94},"Hold Per Cap":{"value":76.79622735170017,"rank":187},"Prevent":{"value":149160,"rank":225},"Prevent Per Game":{"value":22.565809379727686,"rank":342},"Prevent Per Hour":{"value":354.4922513244541,"rank":280},"Returns":{"value":22023,"rank":222},"Returns Per Game":{"value":3.3317700453857793,"rank":384},"Returns Per Hour":{"value":52.33965440411943,"rank":309},"Support":{"value":78326,"rank":191},