{"name":"UVMer","id":146,"All Time":{"Daily":{"Win Percent":{"value":0,"rank":68},"Points":{"value":92,"rank":120},"Points Per Game":{"value":13.142857142857142,"rank":130},"Games":{"value":7,"rank":106},"Games Per Hour":{"value":15.107913669064748,"rank":40},"Wins":{"value":2,"rank":120},"Ties":{"value":0,"rank":70},"Losses":{"value":3,"rank":96},"Saves":{"value":0,"rank":68},"Save Percent":{"value":0,"rank":68},"Tags":{"value":36,"rank":112},"Tags Per Game":{"value":5.142857142857143,"rank":100},"Tags Per Hour":{"value":77.6978417266187,"rank":70},"Popped":{"value":48,"rank":106},"Popped Per Game":{"value":6.857142857142857,"rank":71},"Popped Per Hour":{"value":103.59712230215828,"rank":24},"Tags Per Pop":{"value":0.75,"rank":104},"Grabs":{"value":38,"rank":107},"Grabs Per Game":{"value":0.7916666666666666,"rank":82},"Grabs Per Hour":{"value":82.01438848920864,"rank":33},"Captures":{"value":2,"rank":112},"Captures Per Game":{"value":0.2857142857142857,"rank":111},"Captures Per Hour":{"value":4.316546762589928,"rank":100},"Captures Per Grab":{"value":0.05263157894736842,"rank":115},"Hold":{"value":251,"rank":111},"Hold Per Game":{"value":35.857142857142854,"rank":95},"Hold Per Grab":{"value":6.605263157894737,"rank":114},"Hold Per Hour":{"value":541.726618705036,"rank":78},"Hold Per Cap":{"value":125.5,"rank":50},"Prevent":{"value":128,"rank":124},"Prevent Per Game":{"value":18.285714285714285,"rank":134},"Prevent Per Hour":{"value":276.2589928057554,"rank":130},"Returns":{"value":24,"rank":118},"Returns Per Game":{"value":3.4285714285714284,"rank":127},"Returns Per Hour":{"value":51.79856115107914,"rank":111},"Support":{"value":68,"rank":122},"Support Per Game":{"value":9.714285714285714,"rank":139},"Support Per Hour":{"value":146.76258992805757,"rank":140},"Non-Return Tags":{"value":12,"rank":78},"Prevent Per Return":{"value":5.333333333333333,"rank":117},"Power-up Percent":{"value":0.16,"rank":29},"Time Played":{"value":1668,"rank":115},"Disconnects":{"value":2,"rank":14},"Disconnects Per Game":{"value":0.2857142857142857,"rank":9}},"Weekly":{"Win Percent":{"value":0.5896765762822607,"rank":46},"Points":{"value":2940,"rank":38},"Points Per Game":{"value":17.710843373493976,"rank":188},"Games":{"value":166,"rank":30},"Games Per Hour":{"value":14.665750466280553,"rank":33},"Wins":{"value":95,"rank":15},"Ties":{"value":0,"rank":189},"Losses":{"value":60,"rank":50},"Saves":{"value":3,"rank":13},"Save Percent":{"value":0.38,"rank":67},"Tags":{"value":981,"rank":30},"Tags Per Game":{"value":5.909638554216867,"rank":151},"Tags Per Hour":{"value":86.66928438205555,"rank":90},"Popped":{"value":1061,"rank":35},"Popped Per Game":{"value":6.391566265060241,"rank":147},"Popped Per Hour":{"value":93.73711593207028,"rank":53},"Tags Per Pop":{"value":0.9245994344957588,"rank":132},"Grabs":{"value":898,"rank":33},"Grabs Per Game":{"value":0.8463713477851084,"rank":91},"Grabs Per Hour":{"value":79.33640914891528,"rank":45},"Captures":{"value":99,"rank":17},"Captures Per Game":{"value":0.5963855421686747,"rank":94},"Captures Per Hour":{"value":8.746441543143222,"rank":66},"Captures Per Grab":{"value":0.11024498886414254,"rank":84},"Hold":{"value":6219,"rank":42},"Hold Per Game":{"value":37.463855421686745,"rank":164},"Hold Per Grab":{"value":6.925389755011136,"rank":191},"Hold Per Hour":{"value":549.4355551192697,"rank":127},"Hold Per Cap":{"value":62.81818181818182,"rank":200},"Prevent":{"value":4336,"rank":81},"Prevent Per Game":{"value":26.120481927710845,"rank":198},"Prevent Per Hour":{"value":383.0764700107981,"rank":177},"Returns":{"value":717,"rank":38},"Returns Per Game":{"value":4.319277108433735,"rank":180},"Returns Per Hour":{"value":63.34544026700697,"rank":126},"Support":{"value":2433,"rank":51},"Support Per Game":{"value":14.656626506024097,"rank":190},"Support Per Hour":{"value":214.95042701482282,"rank":135},"Non-Return Tags":{"value":264,"rank":18},"Prevent Per Return":{"value":6.04741980474198,"rank":185},"Power-up Percent":{"value":0.17,"rank":39},"Time Played":{"value":40748,"rank":46},"Disconnects":{"value":6,"rank":57},"Disconnects Per Game":{"value":0.03614457831325301,"rank":92}},"Monthly":{"Win Percent":{"value":0.5636989670437778,"rank":109},"Points":{"value":12692,"rank":60},"Points Per Game":{"value":18.13142857142857,"rank":197},"Games":{"value":700,"rank":57},"Games Per Hour":{"value":14.076324962016265,"rank":51},"Wins":{"value":382,"rank":43},"Ties":{"value":9,"rank":33},"Losses":{"value":258,"rank":61},"Saves":{"value":11,"rank":23},"Save Percent":{"value":0.33,"rank":103},"Tags":{"value":4259,"rank":52},"Tags Per Game":{"value":6.0842857142857145,"rank":158},"Tags Per Hour":{"value":85.64438287603897,"rank":113},"Popped":{"value":4805,"rank":50},"Popped Per Game":{"value":6.864285714285714,"rank":86},"Popped Per Hour":{"value":96.62391634641165,"rank":38},"Tags Per Pop":{"value":0.8863683662851196,"rank":175},"Grabs":{"value":4122,"rank":33},"Grabs Per Game":{"value":0.8578563995837669,"rank":91},"Grabs Per Hour":{"value":82.88944499061579,"rank":37},"Captures":{"value":442,"rank":31},"Captures Per Game":{"value":0.6314285714285715,"rank":96},"Captures Per Hour":{"value":8.88819376173027,"rank":83},"Captures Per Grab":{"value":0.10722950024260068,"rank":111},"Hold":{"value":27683,"rank":62},"Hold Per Game":{"value":39.54714285714286,"rank":170},"Hold Per Grab":{"value":6.715914604560893,"rank":226},"Hold Per Hour":{"value":556.6784341764233,"rank":141},"Hold Per Cap":{"value":62.63122171945702,"rank":227},"Prevent":{"value":20211,"rank":78},"Prevent Per Game":{"value":28.872857142857143,"rank":203},"Prevent Per Hour":{"value":406.42371972472966,"rank":187},"Returns":{"value":3084,"rank":65},"Returns Per Game":{"value":4.405714285714286,"rank":195},"Returns Per Hour":{"value":62.01626597551166,"rank":158},"Support":{"value":11599,"rank":54},"Support Per Game":{"value":16.57,"rank":159},"Support Per Hour":{"value":233.24470462060953,"rank":80},"Non-Return Tags":{"value":1175,"rank":21},"Prevent Per Return":{"value":6.553501945525292,"rank":162},"Power-up Percent":{"value":0.16,"rank":54},"Time Played":{"value":179024,"rank":71},"Disconnects":{"value":30,"rank":64},"Disconnects Per Game":{"value":0.04285714285714286,"rank":103}},"All":{"Win Percent":{"value":0.5145160657538547,"rank":293},"Points":{"value":274463,"rank":50},"Points Per Game":{"value":18.507282535401213,"rank":215},"Games":{"value":14830,"rank":53},"Games Per Hour":{"value":13.481549231719873,"rank":188},"Wins":{"value":7494,"rank":66},"Ties":{"value":113,"rank":42},"Losses":{"value":6281,"rank":38},"Saves":{"value":103,"rank":33},"Save Percent":{"value":0.28,"rank":295},"Tags":{"value":86764,"rank":49},"Tags Per Game":{"value":5.850573162508429,"rank":188},"Tags Per Hour":{"value":78.87479012413641,"rank":179},"Popped":{"value":93772,"rank":45},"Popped Per Game":{"value":6.323128792987188,"rank":173},"Popped Per Hour":{"value":85.24557212116223,"rank":151},"Tags Per Pop":{"value":0.925265537687156,"rank":216},"Grabs":{"value":73501,"rank":46},"Grabs Per Game":{"value":0.7838267286610076,"rank":229},"Grabs Per Hour":{"value":66.81775792856658,"rank":204},"Captures":{"value":7589,"rank":68},"Captures Per Game":{"value":0.5117329737019555,"rank":274},"Captures Per Hour":{"value":6.898953278457324,"rank":258},"Captures Per Grab":{"value":0.1032502959143413,"rank":281},"Hold":{"value":532410,"rank":75},"Hold Per Game":{"value":35.90087660148348,"rank":319},"Hold Per Grab":{"value":7.243574917348063,"rank":361},"Hold Per Hour":{"value":483.9994353647995,"rank":318},"Hold Per Cap":{"value":70.15548820661483,"rank":254},"Prevent":{"value":502252,"rank":31},"Prevent Per Game":{"value":33.867296021577886,"rank":146},"Prevent Per Hour":{"value":456.5836186601328,"rank":130},"Returns":{"value":64235,"rank":51},"Returns Per Game":{"value":4.331422791638571,"rank":225},"Returns Per Hour":{"value":58.39428960886892,"rank":210},"Support":{"value":214176,"rank":33},