{"name":"Bender","id":154,"All Time":{"Daily":{"Win Percent":{"value":0,"rank":217},"Points":{"value":227,"rank":73},"Points Per Game":{"value":18.916666666666668,"rank":80},"Games":{"value":12,"rank":76},"Games Per Hour":{"value":12.224108658743633,"rank":99},"Wins":{"value":5,"rank":80},"Ties":{"value":0,"rank":222},"Losses":{"value":5,"rank":71},"Saves":{"value":0,"rank":217},"Save Percent":{"value":0,"rank":217},"Tags":{"value":38,"rank":108},"Tags Per Game":{"value":3.1666666666666665,"rank":143},"Tags Per Hour":{"value":38.70967741935484,"rank":152},"Popped":{"value":103,"rank":53},"Popped Per Game":{"value":8.583333333333334,"rank":23},"Popped Per Hour":{"value":104.92359932088286,"rank":21},"Tags Per Pop":{"value":0.36893203883495146,"rank":152},"Grabs":{"value":71,"rank":64},"Grabs Per Game":{"value":0.6893203883495146,"rank":129},"Grabs Per Hour":{"value":72.32597623089983,"rank":71},"Captures":{"value":7,"rank":55},"Captures Per Game":{"value":0.5833333333333334,"rank":57},"Captures Per Hour":{"value":7.130730050933786,"rank":56},"Captures Per Grab":{"value":0.09859154929577464,"rank":66},"Hold":{"value":643,"rank":50},"Hold Per Game":{"value":53.583333333333336,"rank":36},"Hold Per Grab":{"value":9.056338028169014,"rank":38},"Hold Per Hour":{"value":655.0084889643464,"rank":38},"Hold Per Cap":{"value":91.85714285714286,"rank":76},"Prevent":{"value":63,"rank":140},"Prevent Per Game":{"value":5.25,"rank":152},"Prevent Per Hour":{"value":64.17657045840409,"rank":153},"Returns":{"value":27,"rank":114},"Returns Per Game":{"value":2.25,"rank":147},"Returns Per Hour":{"value":27.504244482173174,"rank":153},"Support":{"value":137,"rank":92},"Support Per Game":{"value":11.416666666666666,"rank":130},"Support Per Hour":{"value":139.5585738539898,"rank":144},"Non-Return Tags":{"value":11,"rank":84},"Prevent Per Return":{"value":2.3333333333333335,"rank":150},"Power-up Percent":{"value":0.1,"rank":79},"Time Played":{"value":3534,"rank":67},"Disconnects":{"value":2,"rank":17},"Disconnects Per Game":{"value":0.16666666666666666,"rank":24}},"Weekly":{"Win Percent":{"value":0.3179469514295556,"rank":138},"Points":{"value":2602,"rank":53},"Points Per Game":{"value":11.31304347826087,"rank":249},"Games":{"value":230,"rank":12},"Games Per Hour":{"value":18.353097639366062,"rank":3},"Wins":{"value":71,"rank":52},"Ties":{"value":0,"rank":293},"Losses":{"value":78,"rank":22},"Saves":{"value":1,"rank":100},"Save Percent":{"value":0.13,"rank":135},"Tags":{"value":715,"rank":81},"Tags Per Game":{"value":3.108695652173913,"rank":247},"Tags Per Hour":{"value":57.054194835420596,"rank":234},"Popped":{"value":1115,"rank":28},"Popped Per Game":{"value":4.8478260869565215,"rank":237},"Popped Per Hour":{"value":88.97262551257896,"rank":90},"Tags Per Pop":{"value":0.6412556053811659,"rank":232},"Grabs":{"value":858,"rank":35},"Grabs Per Game":{"value":0.7695067264573991,"rank":173},"Grabs Per Hour":{"value":68.4650338025047,"rank":138},"Captures":{"value":84,"rank":39},"Captures Per Game":{"value":0.3652173913043478,"rank":200},"Captures Per Hour":{"value":6.702870442203259,"rank":121},"Captures Per Grab":{"value":0.0979020979020979,"rank":115},"Hold":{"value":6476,"rank":37},"Hold Per Game":{"value":28.156521739130437,"rank":222},"Hold Per Grab":{"value":7.547785547785548,"rank":146},"Hold Per Hour":{"value":516.759392663194,"rank":155},"Hold Per Cap":{"value":77.0952380952381,"rank":146},"Prevent":{"value":4572,"rank":71},"Prevent Per Game":{"value":19.878260869565217,"rank":242},"Prevent Per Hour":{"value":364.8276626399202,"rank":196},"Returns":{"value":579,"rank":72},"Returns Per Game":{"value":2.517391304347826,"rank":244},"Returns Per Hour":{"value":46.20192840518674,"rank":231},"Support":{"value":2453,"rank":49},"Support Per Game":{"value":10.665217391304347,"rank":240},"Support Per Hour":{"value":195.73977612767374,"rank":192},"Non-Return Tags":{"value":136,"rank":97},"Prevent Per Return":{"value":7.896373056994818,"rank":87},"Power-up Percent":{"value":0.07,"rank":208},"Time Played":{"value":45115,"rank":33},"Disconnects":{"value":75,"rank":1},"Disconnects Per Game":{"value":0.32608695652173914,"rank":1}},"Monthly":{"Win Percent":{"value":0.3183627060830017,"rank":236},"Points":{"value":9948,"rank":104},"Points Per Game":{"value":10.88402625820569,"rank":273},"Games":{"value":914,"rank":12},"Games Per Hour":{"value":18.15242876451604,"rank":4},"Wins":{"value":280,"rank":96},"Ties":{"value":2,"rank":186},"Losses":{"value":293,"rank":47},"Saves":{"value":3,"rank":152},"Save Percent":{"value":0.08,"rank":234},"Tags":{"value":3043,"rank":107},"Tags Per Game":{"value":3.3293216630196936,"rank":270},"Tags Per Hour":{"value":60.43527432212507,"rank":257},"Popped":{"value":4524,"rank":60},"Popped Per Game":{"value":4.949671772428884,"rank":261},"Popped Per Hour":{"value":89.84856425675117,"rank":78},"Tags Per Pop":{"value":0.6726348364279399,"rank":250},"Grabs":{"value":3329,"rank":76},"Grabs Per Game":{"value":0.7358532272325375,"rank":236},"Grabs Per Hour":{"value":66.11535597054038,"rank":172},"Captures":{"value":288,"rank":79},"Captures Per Game":{"value":0.3150984682713348,"rank":241},"Captures Per Hour":{"value":5.719802499103523,"rank":187},"Captures Per Grab":{"value":0.0865124662060679,"rank":183},"Hold":{"value":23691,"rank":84},"Hold Per Game":{"value":25.920131291028447,"rank":255},"Hold Per Grab":{"value":7.116551516972064,"rank":201},"Hold Per Hour":{"value":470.51333682729705,"rank":203},"Hold Per Cap":{"value":82.26041666666667,"rank":125},"Prevent":{"value":21127,"rank":73},"Prevent Per Game":{"value":23.11487964989059,"rank":256},"Prevent Per Hour":{"value":419.5912062450004,"rank":175},"Returns":{"value":2500,"rank":99},"Returns Per Game":{"value":2.735229759299781,"rank":268},"Returns Per Hour":{"value":49.65106336027363,"rank":241},"Support":{"value":10100,"rank":89},"Support Per Game":{"value":11.050328227571116,"rank":265},"Support Per Hour":{"value":200.59029597550548,"rank":224},"Non-Return Tags":{"value":543,"rank":123},"Prevent Per Return":{"value":8.4508,"rank":56},"Power-up Percent":{"value":0.07,"rank":232},"Time Played":{"value":181265,"rank":67},"Disconnects":{"value":322,"rank":1},"Disconnects Per Game":{"value":0.3522975929978118,"rank":2}},"All":{"Win Percent":{"value":0.2711352657004831,"rank":422},"Points":{"value":17447,"rank":354},"Points Per Game":{"value":10.202923976608187,"rank":430},"Games":{"value":1710,"rank":321},"Games Per Hour":{"value":18.402817221401794,"rank":2},"Wins":{"value":449,"rank":366},"Ties":{"value":4,"rank":352},"Losses":{"value":543,"rank":330},"Saves":{"value":6,"rank":363},"Save Percent":{"value":0.1,"rank":420},"Tags":{"value":5391,"rank":354},"Tags Per Game":{"value":3.1526315789473682,"rank":422},"Tags Per Hour":{"value":58.01730271378776,"rank":398},"Popped":{"value":8084,"rank":335},"Popped Per Game":{"value":4.727485380116959,"rank":416},"Popped Per Hour":{"value":86.99904936714158,"rank":121},"Tags Per Pop":{"value":0.6668728352300841,"rank":384},"Grabs":{"value":5844,"rank":342},"Grabs Per Game":{"value":0.722909450766947,"rank":347},"Grabs Per Hour":{"value":62.89243499524683,"rank":257},"Captures":{"value":443,"rank":365},"Captures Per Game":{"value":0.2590643274853801,"rank":407},"Captures Per Hour":{"value":4.767513467298827,"rank":366},"Captures Per Grab":{"value":0.07580424366872006,"rank":372},"Hold":{"value":41059,"rank":356},"Hold Per Game":{"value":24.011111111111113,"rank":411},"Hold Per Grab":{"value":7.02583846680356,"rank":373},"Hold Per Hour":{"value":441.8720890605475,"rank":352},"Hold Per Cap":{"value":92.68397291196388,"rank":77},"Prevent":{"value":39012,"rank":339},"Prevent Per Game":{"value":22.814035087719297,"rank":338},"Prevent Per Hour":{"value":419.8425178019455,"rank":187},"Returns":{"value":4565,"rank":350},"Returns Per Game":{"value":2.6695906432748537,"rank":418},"Returns Per Hour":{"value":49.12798866415157,"rank":352},"Support":{"value":17668,"rank":337},