{"name":"SMOKEMOLES","id":160,"All Time":{"Daily":{"Win Percent":{"value":0,"rank":374},"Points":{"value":483,"rank":23},"Points Per Game":{"value":18.576923076923077,"rank":82},"Games":{"value":26,"rank":21},"Games Per Hour":{"value":12.111801242236025,"rank":103},"Wins":{"value":8,"rank":49},"Ties":{"value":1,"rank":20},"Losses":{"value":15,"rank":12},"Saves":{"value":0,"rank":374},"Save Percent":{"value":0,"rank":374},"Tags":{"value":155,"rank":20},"Tags Per Game":{"value":5.961538461538462,"rank":70},"Tags Per Hour":{"value":72.20496894409938,"rank":88},"Popped":{"value":180,"rank":21},"Popped Per Game":{"value":6.923076923076923,"rank":68},"Popped Per Hour":{"value":83.85093167701864,"rank":94},"Tags Per Pop":{"value":0.8611111111111112,"rank":73},"Grabs":{"value":116,"rank":28},"Grabs Per Game":{"value":0.6444444444444445,"rank":141},"Grabs Per Hour":{"value":54.037267080745345,"rank":131},"Captures":{"value":7,"rank":56},"Captures Per Game":{"value":0.2692307692307692,"rank":113},"Captures Per Hour":{"value":3.260869565217391,"rank":120},"Captures Per Grab":{"value":0.0603448275862069,"rank":106},"Hold":{"value":746,"rank":43},"Hold Per Game":{"value":28.692307692307693,"rank":121},"Hold Per Grab":{"value":6.431034482758621,"rank":119},"Hold Per Hour":{"value":347.51552795031057,"rank":134},"Hold Per Cap":{"value":106.57142857142857,"rank":61},"Prevent":{"value":758,"rank":30},"Prevent Per Game":{"value":29.153846153846153,"rank":88},"Prevent Per Hour":{"value":353.1055900621118,"rank":102},"Returns":{"value":133,"rank":15},"Returns Per Game":{"value":5.115384615384615,"rank":49},"Returns Per Hour":{"value":61.95652173913044,"rank":67},"Support":{"value":349,"rank":34},"Support Per Game":{"value":13.423076923076923,"rank":109},"Support Per Hour":{"value":162.5776397515528,"rank":131},"Non-Return Tags":{"value":22,"rank":47},"Prevent Per Return":{"value":5.6992481203007515,"rank":110},"Power-up Percent":{"value":0.07,"rank":113},"Time Played":{"value":7728,"rank":19},"Disconnects":{"value":0,"rank":375},"Disconnects Per Game":{"value":0,"rank":375}},"Weekly":{"Win Percent":{"value":0.41136141038197843,"rank":122},"Points":{"value":2611,"rank":52},"Points Per Game":{"value":17.17763157894737,"rank":200},"Games":{"value":152,"rank":41},"Games Per Hour":{"value":13.24650802488562,"rank":100},"Wins":{"value":60,"rank":85},"Ties":{"value":1,"rank":138},"Losses":{"value":82,"rank":18},"Saves":{"value":1,"rank":129},"Save Percent":{"value":0.14,"rank":133},"Tags":{"value":835,"rank":50},"Tags Per Game":{"value":5.493421052631579,"rank":181},"Tags Per Hour":{"value":72.76864605775981,"rank":170},"Popped":{"value":944,"rank":53},"Popped Per Game":{"value":6.2105263157894735,"rank":160},"Popped Per Hour":{"value":82.26778668086858,"rank":153},"Tags Per Pop":{"value":0.8845338983050848,"rank":149},"Grabs":{"value":689,"rank":68},"Grabs Per Game":{"value":0.7298728813559322,"rank":208},"Grabs Per Hour":{"value":60.04502650754073,"rank":194},"Captures":{"value":50,"rank":116},"Captures Per Game":{"value":0.32894736842105265,"rank":209},"Captures Per Hour":{"value":4.35740395555448,"rank":207},"Captures Per Grab":{"value":0.07256894049346879,"rank":201},"Hold":{"value":4307,"rank":104},"Hold Per Game":{"value":28.335526315789473,"rank":219},"Hold Per Grab":{"value":6.251088534107402,"rank":224},"Hold Per Hour":{"value":375.3467767314629,"rank":221},"Hold Per Cap":{"value":86.14,"rank":105},"Prevent":{"value":6246,"rank":26},"Prevent Per Game":{"value":41.0921052631579,"rank":75},"Prevent Per Hour":{"value":544.3269021278655,"rank":66},"Returns":{"value":688,"rank":42},"Returns Per Game":{"value":4.526315789473684,"rank":153},"Returns Per Hour":{"value":59.95787842842964,"rank":147},"Support":{"value":2521,"rank":44},"Support Per Game":{"value":16.585526315789473,"rank":135},"Support Per Hour":{"value":219.70030743905687,"rank":115},"Non-Return Tags":{"value":147,"rank":82},"Prevent Per Return":{"value":9.078488372093023,"rank":43},"Power-up Percent":{"value":0.07,"rank":216},"Time Played":{"value":41309,"rank":44},"Disconnects":{"value":3,"rank":112},"Disconnects Per Game":{"value":0.019736842105263157,"rank":130}},"Monthly":{"Win Percent":{"value":0.40308635769578766,"rank":220},"Points":{"value":11010,"rank":94},"Points Per Game":{"value":17.96084828711256,"rank":203},"Games":{"value":613,"rank":80},"Games Per Hour":{"value":12.999069307163978,"rank":140},"Wins":{"value":243,"rank":114},"Ties":{"value":5,"rank":101},"Losses":{"value":330,"rank":34},"Saves":{"value":5,"rank":116},"Save Percent":{"value":0.33,"rank":116},"Tags":{"value":3398,"rank":87},"Tags Per Game":{"value":5.543230016313213,"rank":200},"Tags Per Hour":{"value":72.05683116760717,"rank":197},"Popped":{"value":3987,"rank":84},"Popped Per Game":{"value":6.504078303425775,"rank":137},"Popped Per Hour":{"value":84.54696464545314,"rank":142},"Tags Per Pop":{"value":0.8522698771005769,"rank":193},"Grabs":{"value":2998,"rank":92},"Grabs Per Game":{"value":0.7519438174065713,"rank":223},"Grabs Per Hour":{"value":63.574567345640475,"rank":200},"Captures":{"value":223,"rank":128},"Captures Per Game":{"value":0.3637846655791191,"rank":218},"Captures Per Hour":{"value":4.728862080746439,"rank":226},"Captures Per Grab":{"value":0.07438292194796531,"rank":223},"Hold":{"value":19257,"rank":116},"Hold Per Game":{"value":31.41435562805873,"rank":227},"Hold Per Grab":{"value":6.423282188125417,"rank":245},"Hold Per Hour":{"value":408.3573860490322,"rank":232},"Hold Per Cap":{"value":86.3542600896861,"rank":98},"Prevent":{"value":25940,"rank":42},"Prevent Per Game":{"value":42.31647634584013,"rank":65},"Prevent Per Hour":{"value":550.074808854541,"rank":58},"Returns":{"value":2773,"rank":79},"Returns Per Game":{"value":4.523654159869494,"rank":189},"Returns Per Hour":{"value":58.803293945784205,"rank":193},"Support":{"value":10622,"rank":76},"Support Per Game":{"value":17.3278955954323,"rank":119},"Support Per Hour":{"value":225.2465157923259,"rank":117},"Non-Return Tags":{"value":625,"rank":103},"Prevent Per Return":{"value":9.354489722322395,"rank":33},"Power-up Percent":{"value":0.08,"rank":222},"Time Played":{"value":169766,"rank":81},"Disconnects":{"value":25,"rank":82},"Disconnects Per Game":{"value":0.040783034257748776,"rank":111}},"All":{"Win Percent":{"value":0.41011464346694854,"rank":386},"Points":{"value":32941,"rank":317},"Points Per Game":{"value":17.050207039337476,"rank":335},"Games":{"value":1932,"rank":313},"Games Per Hour":{"value":13.465943082615203,"rank":189},"Wins":{"value":776,"rank":330},"Ties":{"value":19,"rank":250},"Losses":{"value":995,"rank":302},"Saves":{"value":14,"rank":283},"Save Percent":{"value":0.26,"rank":328},"Tags":{"value":9543,"rank":322},"Tags Per Game":{"value":4.9394409937888195,"rank":333},"Tags Per Hour":{"value":66.51423128229652,"rank":329},"Popped":{"value":12952,"rank":310},"Popped Per Game":{"value":6.703933747412008,"rank":88},"Popped Per Hour":{"value":90.27479027227335,"rank":75},"Tags Per Pop":{"value":0.7367974058060531,"rank":357},"Grabs":{"value":9199,"rank":316},"Grabs Per Game":{"value":0.7102378011117974,"rank":365},"Grabs Per Hour":{"value":64.11656853880811,"rank":239},"Captures":{"value":647,"rank":337},"Captures Per Game":{"value":0.33488612836438925,"rank":371},"Captures Per Hour":{"value":4.509557543712234,"rank":377},"Captures Per Grab":{"value":0.07033373192738342,"rank":384},"Hold":{"value":56765,"rank":338},"Hold Per Game":{"value":29.381469979296067,"rank":380},"Hold Per Grab":{"value":6.1707794325470156,"rank":411},"Hold Per Hour":{"value":395.6492024247681,"rank":382},"Hold Per Cap":{"value":87.73570324574962,"rank":101},"Prevent":{"value":70132,"rank":298},"Prevent Per Game":{"value":36.30020703933747,"rank":106},"Prevent Per Hour":{"value":488.8165218788661,"rank":93},"Returns":{"value":7891,"rank":319},"Returns Per Game":{"value":4.084368530020704,"rank":272},"Returns Per Hour":{"value":54.99987415368352,"rank":273},