{"name":"Holy Guac","id":225,"All Time":{"Daily":{"Win Percent":{"value":0,"rank":207},"Points":{"value":235,"rank":71},"Points Per Game":{"value":21.363636363636363,"rank":52},"Games":{"value":11,"rank":79},"Games Per Hour":{"value":9.982354423997982,"rank":150},"Wins":{"value":3,"rank":107},"Ties":{"value":0,"rank":212},"Losses":{"value":7,"rank":44},"Saves":{"value":0,"rank":207},"Save Percent":{"value":0,"rank":207},"Tags":{"value":68,"rank":77},"Tags Per Game":{"value":6.181818181818182,"rank":59},"Tags Per Hour":{"value":61.709100075623894,"rank":114},"Popped":{"value":84,"rank":69},"Popped Per Game":{"value":7.636363636363637,"rank":39},"Popped Per Hour":{"value":76.22888832871188,"rank":117},"Tags Per Pop":{"value":0.8095238095238095,"rank":92},"Grabs":{"value":65,"rank":72},"Grabs Per Game":{"value":0.7738095238095238,"rank":93},"Grabs Per Hour":{"value":58.9866397781699,"rank":118},"Captures":{"value":5,"rank":74},"Captures Per Game":{"value":0.45454545454545453,"rank":81},"Captures Per Hour":{"value":4.537433829089992,"rank":99},"Captures Per Grab":{"value":0.07692307692307693,"rank":90},"Hold":{"value":748,"rank":40},"Hold Per Game":{"value":68,"rank":15},"Hold Per Grab":{"value":11.507692307692308,"rank":13},"Hold Per Hour":{"value":678.8001008318629,"rank":31},"Hold Per Cap":{"value":149.6,"rank":41},"Prevent":{"value":298,"rank":87},"Prevent Per Game":{"value":27.09090909090909,"rank":99},"Prevent Per Hour":{"value":270.43105621376355,"rank":131},"Returns":{"value":47,"rank":80},"Returns Per Game":{"value":4.2727272727272725,"rank":83},"Returns Per Hour":{"value":42.65187799344593,"rank":135},"Support":{"value":183,"rank":80},"Support Per Game":{"value":16.636363636363637,"rank":77},"Support Per Hour":{"value":166.07007814469372,"rank":129},"Non-Return Tags":{"value":21,"rank":50},"Prevent Per Return":{"value":6.340425531914893,"rank":90},"Power-up Percent":{"value":0.14,"rank":41},"Time Played":{"value":3967,"rank":55},"Disconnects":{"value":1,"rank":34},"Disconnects Per Game":{"value":0.09090909090909091,"rank":35}},"Weekly":{"Win Percent":{"value":0.4567901234567901,"rank":106},"Points":{"value":1830,"rank":124},"Points Per Game":{"value":21.785714285714285,"rank":49},"Games":{"value":84,"rank":142},"Games Per Hour":{"value":11.498973305954825,"rank":227},"Wins":{"value":37,"rank":160},"Ties":{"value":0,"rank":286},"Losses":{"value":43,"rank":98},"Saves":{"value":1,"rank":97},"Save Percent":{"value":0.25,"rank":101},"Tags":{"value":549,"rank":127},"Tags Per Game":{"value":6.535714285714286,"rank":100},"Tags Per Hour":{"value":75.15400410677617,"rank":156},"Popped":{"value":582,"rank":131},"Popped Per Game":{"value":6.928571428571429,"rank":91},"Popped Per Hour":{"value":79.67145790554416,"rank":173},"Tags Per Pop":{"value":0.9432989690721649,"rank":125},"Grabs":{"value":501,"rank":123},"Grabs Per Game":{"value":0.8608247422680413,"rank":75},"Grabs Per Hour":{"value":68.58316221765914,"rank":135},"Captures":{"value":45,"rank":126},"Captures Per Game":{"value":0.5357142857142857,"rank":117},"Captures Per Hour":{"value":6.160164271047227,"rank":138},"Captures Per Grab":{"value":0.08982035928143713,"rank":147},"Hold":{"value":4412,"rank":102},"Hold Per Game":{"value":52.523809523809526,"rank":49},"Hold Per Grab":{"value":8.806387225548903,"rank":51},"Hold Per Hour":{"value":603.9698836413415,"rank":81},"Hold Per Cap":{"value":98.04444444444445,"rank":58},"Prevent":{"value":3177,"rank":115},"Prevent Per Game":{"value":37.82142857142857,"rank":105},"Prevent Per Hour":{"value":434.90759753593426,"rank":142},"Returns":{"value":445,"rank":124},"Returns Per Game":{"value":5.2976190476190474,"rank":91},"Returns Per Hour":{"value":60.917180013689254,"rank":141},"Support":{"value":1658,"rank":116},"Support Per Game":{"value":19.738095238095237,"rank":40},"Support Per Hour":{"value":226.9678302532512,"rank":92},"Non-Return Tags":{"value":104,"rank":138},"Prevent Per Return":{"value":7.139325842696629,"rank":127},"Power-up Percent":{"value":0.09,"rank":164},"Time Played":{"value":26298,"rank":126},"Disconnects":{"value":1,"rank":154},"Disconnects Per Game":{"value":0.011904761904761904,"rank":157}},"Monthly":{"Win Percent":{"value":0.48686140307993153,"rank":171},"Points":{"value":11349,"rank":86},"Points Per Game":{"value":21.055658627087197,"rank":69},"Games":{"value":539,"rank":100},"Games Per Hour":{"value":11.74348794422388,"rank":259},"Wins":{"value":257,"rank":106},"Ties":{"value":5,"rank":95},"Losses":{"value":261,"rank":59},"Saves":{"value":5,"rank":106},"Save Percent":{"value":0.31,"rank":128},"Tags":{"value":3154,"rank":100},"Tags Per Game":{"value":5.851576994434137,"rank":175},"Tags Per Hour":{"value":68.71792388883509,"rank":217},"Popped":{"value":3559,"rank":102},"Popped Per Game":{"value":6.602968460111318,"rank":122},"Popped Per Hour":{"value":77.54188050740777,"rank":215},"Tags Per Pop":{"value":0.8862039898847991,"rank":176},"Grabs":{"value":3048,"rank":89},"Grabs Per Game":{"value":0.8564203427929193,"rank":95},"Grabs Per Hour":{"value":66.40844388496176,"rank":167},"Captures":{"value":255,"rank":96},"Captures Per Game":{"value":0.47309833024118736,"rank":169},"Captures Per Hour":{"value":5.555824537619832,"rank":195},"Captures Per Grab":{"value":0.08366141732283465,"rank":197},"Hold":{"value":27684,"rank":61},"Hold Per Game":{"value":51.36178107606679,"rank":55},"Hold Per Grab":{"value":9.082677165354331,"rank":47},"Hold Per Hour":{"value":603.1664568606566,"rank":100},"Hold Per Cap":{"value":108.56470588235294,"rank":25},"Prevent":{"value":19832,"rank":83},"Prevent Per Game":{"value":36.79406307977737,"rank":114},"Prevent Per Hour":{"value":432.0906361963784,"rank":162},"Returns":{"value":2441,"rank":105},"Returns Per Game":{"value":4.528756957328386,"rank":186},"Returns Per Hour":{"value":53.18340273070592,"rank":223},"Support":{"value":10983,"rank":67},"Support Per Game":{"value":20.376623376623378,"rank":14},"Support Per Hour":{"value":239.2926309673671,"rank":63},"Non-Return Tags":{"value":713,"rank":84},"Prevent Per Return":{"value":8.124539123310118,"rank":73},"Power-up Percent":{"value":0.08,"rank":211},"Time Played":{"value":165232,"rank":87},"Disconnects":{"value":5,"rank":178},"Disconnects Per Game":{"value":0.00927643784786642,"rank":202}},"All":{"Win Percent":{"value":0.44527549239591124,"rank":368},"Points":{"value":152375,"rank":136},"Points Per Game":{"value":18.51683072062219,"rank":213},"Games":{"value":8229,"rank":140},"Games Per Hour":{"value":12.570342302127136,"rank":355},"Wins":{"value":3572,"rank":195},"Ties":{"value":100,"rank":60},"Losses":{"value":4066,"rank":97},"Saves":{"value":69,"rank":82},"Save Percent":{"value":0.25,"rank":339},"Tags":{"value":39696,"rank":174},"Tags Per Game":{"value":4.82391542107182,"rank":345},"Tags Per Hour":{"value":60.63826807938253,"rank":376},"Popped":{"value":50249,"rank":143},"Popped Per Game":{"value":6.1063312674687085,"rank":224},"Popped Per Hour":{"value":76.75867424226352,"rank":318},"Tags Per Pop":{"value":0.7899858703655794,"rank":314},"Grabs":{"value":41071,"rank":134},"Grabs Per Game":{"value":0.817349598996995,"rank":175},"Grabs Per Hour":{"value":62.738671611455054,"rank":263},"Captures":{"value":3120,"rank":208},"Captures Per Game":{"value":0.3791469194312796,"rank":353},"Captures Per Hour":{"value":4.766006560048203,"rank":367},"Captures Per Grab":{"value":0.07596601008010519,"rank":371},"Hold":{"value":375191,"rank":137},"Hold Per Game":{"value":45.59375379754527,"rank":206},"Hold Per Grab":{"value":9.135180541014341,"rank":208},"Hold Per Hour":{"value":573.129092074053,"rank":226},"Hold Per Cap":{"value":120.25352564102565,"rank":13},"Prevent":{"value":261448,"rank":126},"Prevent Per Game":{"value":31.771539676752948,"rank":181},"Prevent Per Hour":{"value":399.3791292023983,"rank":218},"Returns":{"value":31158,"rank":164},"Returns Per Game":{"value":3.786365293474298,"rank":334},"Returns Per Hour":{"value":47.595907819866,"rank":369},