{"name":"goat milk","id":226,"All Time":{"Daily":{"Win Percent":{"value":0.5428571428571428,"rank":12},"Points":{"value":684,"rank":8},"Points Per Game":{"value":19.542857142857144,"rank":72},"Games":{"value":35,"rank":9},"Games Per Hour":{"value":12.93368918086635,"rank":77},"Wins":{"value":19,"rank":8},"Ties":{"value":0,"rank":114},"Losses":{"value":15,"rank":11},"Saves":{"value":1,"rank":5},"Save Percent":{"value":1,"rank":4},"Tags":{"value":224,"rank":7},"Tags Per Game":{"value":6.4,"rank":54},"Tags Per Hour":{"value":82.77561075754465,"rank":53},"Popped":{"value":223,"rank":13},"Popped Per Game":{"value":6.371428571428571,"rank":89},"Popped Per Hour":{"value":82.40607678094847,"rank":99},"Tags Per Pop":{"value":1.0044843049327354,"rank":52},"Grabs":{"value":179,"rank":11},"Grabs Per Game":{"value":0.8026905829596412,"rank":73},"Grabs Per Hour":{"value":66.14658181071648,"rank":100},"Captures":{"value":16,"rank":13},"Captures Per Game":{"value":0.45714285714285713,"rank":80},"Captures Per Hour":{"value":5.912543625538904,"rank":77},"Captures Per Grab":{"value":0.0893854748603352,"rank":76},"Hold":{"value":1523,"rank":9},"Hold Per Game":{"value":43.51428571428571,"rank":64},"Hold Per Grab":{"value":8.508379888268156,"rank":52},"Hold Per Hour":{"value":562.8002463559844,"rank":70},"Hold Per Cap":{"value":95.1875,"rank":73},"Prevent":{"value":939,"rank":19},"Prevent Per Game":{"value":26.82857142857143,"rank":103},"Prevent Per Hour":{"value":346.9924040238144,"rank":104},"Returns":{"value":181,"rank":8},"Returns Per Game":{"value":5.171428571428572,"rank":47},"Returns Per Hour":{"value":66.88564976390884,"rank":55},"Support":{"value":478,"rank":19},"Support Per Game":{"value":13.657142857142857,"rank":104},"Support Per Hour":{"value":176.63724081297474,"rank":118},"Non-Return Tags":{"value":43,"rank":10},"Prevent Per Return":{"value":5.1878453038674035,"rank":121},"Power-up Percent":{"value":0.07,"rank":103},"Time Played":{"value":9742,"rank":9},"Disconnects":{"value":1,"rank":26},"Disconnects Per Game":{"value":0.02857142857142857,"rank":52}},"Weekly":{"Win Percent":{"value":0.5816993464052288,"rank":47},"Points":{"value":3319,"rank":24},"Points Per Game":{"value":21.14012738853503,"rank":67},"Games":{"value":157,"rank":38},"Games Per Hour":{"value":12.128234839706451,"rank":192},"Wins":{"value":89,"rank":27},"Ties":{"value":0,"rank":216},"Losses":{"value":61,"rank":48},"Saves":{"value":4,"rank":4},"Save Percent":{"value":0.5,"rank":40},"Tags":{"value":1064,"rank":22},"Tags Per Game":{"value":6.777070063694268,"rank":81},"Tags Per Hour":{"value":82.19389725762842,"rank":114},"Popped":{"value":1082,"rank":33},"Popped Per Game":{"value":6.89171974522293,"rank":96},"Popped Per Hour":{"value":83.5843955195056,"rank":142},"Tags Per Pop":{"value":0.9833641404805915,"rank":112},"Grabs":{"value":868,"rank":34},"Grabs Per Game":{"value":0.8022181146025879,"rank":139},"Grabs Per Hour":{"value":67.05291618385476,"rank":149},"Captures":{"value":80,"rank":43},"Captures Per Game":{"value":0.5095541401273885,"rank":131},"Captures Per Hour":{"value":6.179992275009656,"rank":136},"Captures Per Grab":{"value":0.09216589861751152,"rank":142},"Hold":{"value":6920,"rank":32},"Hold Per Game":{"value":44.07643312101911,"rank":109},"Hold Per Grab":{"value":7.972350230414746,"rank":113},"Hold Per Hour":{"value":534.5693317883353,"rank":138},"Hold Per Cap":{"value":86.5,"rank":102},"Prevent":{"value":4860,"rank":58},"Prevent Per Game":{"value":30.955414012738853,"rank":165},"Prevent Per Hour":{"value":375.43453070683665,"rank":185},"Returns":{"value":873,"rank":21},"Returns Per Game":{"value":5.560509554140127,"rank":64},"Returns Per Hour":{"value":67.43916570104287,"rank":97},"Support":{"value":2576,"rank":41},"Support Per Game":{"value":16.40764331210191,"rank":139},"Support Per Hour":{"value":198.99575125531092,"rank":181},"Non-Return Tags":{"value":191,"rank":40},"Prevent Per Return":{"value":5.56701030927835,"rank":205},"Power-up Percent":{"value":0.09,"rank":161},"Time Played":{"value":46602,"rank":27},"Disconnects":{"value":3,"rank":97},"Disconnects Per Game":{"value":0.01910828025477707,"rank":131}},"Monthly":{"Win Percent":{"value":0.5827464788732394,"rank":90},"Points":{"value":12476,"rank":65},"Points Per Game":{"value":21.622183708838822,"rank":50},"Games":{"value":577,"rank":92},"Games Per Hour":{"value":12.042856148976137,"rank":248},"Wins":{"value":331,"rank":63},"Ties":{"value":2,"rank":176},"Losses":{"value":226,"rank":79},"Saves":{"value":11,"rank":24},"Save Percent":{"value":0.55,"rank":28},"Tags":{"value":3987,"rank":60},"Tags Per Game":{"value":6.909878682842288,"rank":89},"Tags Per Hour":{"value":83.21467498434637,"rank":130},"Popped":{"value":3985,"rank":85},"Popped Per Game":{"value":6.906412478336222,"rank":78},"Popped Per Hour":{"value":83.17293198209688,"rank":158},"Tags Per Pop":{"value":1.0005018820577165,"rank":125},"Grabs":{"value":3226,"rank":80},"Grabs Per Game":{"value":0.8095357590966124,"rank":151},"Grabs Per Hour":{"value":67.33146262841771,"rank":159},"Captures":{"value":341,"rank":56},"Captures Per Game":{"value":0.5909878682842288,"rank":113},"Captures Per Hour":{"value":7.1171818835370235,"rank":128},"Captures Per Grab":{"value":0.10570365778053317,"rank":115},"Hold":{"value":25626,"rank":75},"Hold Per Game":{"value":44.41247833622184,"rank":120},"Hold Per Grab":{"value":7.9435833849969,"rank":135},"Hold Per Hour":{"value":534.8530878226386,"rank":155},"Hold Per Cap":{"value":75.14956011730206,"rank":164},"Prevent":{"value":19151,"rank":89},"Prevent Per Game":{"value":33.190641247833625,"rank":160},"Prevent Per Hour":{"value":399.7101180399342,"rank":194},"Returns":{"value":3295,"rank":55},"Returns Per Game":{"value":5.710571923743501,"rank":72},"Returns Per Hour":{"value":68.77159620602491,"rank":102},"Support":{"value":10537,"rank":80},"Support Per Game":{"value":18.261698440207972,"rank":72},"Support Per Hour":{"value":219.92300735140648,"rank":139},"Non-Return Tags":{"value":692,"rank":88},"Prevent Per Return":{"value":5.812139605462822,"rank":210},"Power-up Percent":{"value":0.09,"rank":187},"Time Played":{"value":172484,"rank":78},"Disconnects":{"value":9,"rank":140},"Disconnects Per Game":{"value":0.01559792027729636,"rank":173}},"All":{"Win Percent":{"value":0.5959178509678236,"rank":187},"Points":{"value":464881,"rank":4},"Points Per Game":{"value":19.423456171137293,"rank":159},"Games":{"value":23934,"rank":9},"Games Per Hour":{"value":12.732679693360216,"rank":333},"Wins":{"value":14131,"rank":6},"Ties":{"value":147,"rank":19},"Losses":{"value":8879,"rank":12},"Saves":{"value":119,"rank":18},"Save Percent":{"value":0.35,"rank":198},"Tags":{"value":162134,"rank":3},"Tags Per Game":{"value":6.774212417481407,"rank":80},"Tags Per Hour":{"value":86.25387688657415,"rank":95},"Popped":{"value":137376,"rank":15},"Popped Per Game":{"value":5.739784407119579,"rank":304},"Popped Per Hour":{"value":73.08283636479707,"rank":360},"Tags Per Pop":{"value":1.180220708129513,"rank":81},"Grabs":{"value":104059,"rank":15},"Grabs Per Game":{"value":0.75747583275099,"rank":285},"Grabs Per Hour":{"value":55.358482335229,"rank":351},"Captures":{"value":13690,"rank":17},"Captures Per Game":{"value":0.5719896381716387,"rank":220},"Captures Per Hour":{"value":7.282960850760482,"rank":234},"Captures Per Grab":{"value":0.13155998039573705,"rank":190},"Hold":{"value":935871,"rank":18},"Hold Per Game":{"value":39.10215592880421,"rank":282},"Hold Per Grab":{"value":8.993657444334463,"rank":220},"Hold Per Hour":{"value":497.8752267612902,"rank":305},"Hold Per Cap":{"value":68.36165084002921,"rank":272},"Prevent":{"value":749911,"rank":8},"Prevent Per Game":{"value":31.3324559204479,"rank":187},"Prevent Per Hour":{"value":398.9461252413911,"rank":220},"Returns":{"value":126269,"rank":4},"Returns Per Game":{"value":5.275716553856438,"rank":86},"Returns Per Hour":{"value":67.17400903321222,"rank":101},"Support":{"value":332738,"rank":4},