{"name":"TaggyP","id":44,"All Time":{"Daily":{"Win Percent":{"value":0,"rank":268},"Points":{"value":585,"rank":14},"Points Per Game":{"value":25.434782608695652,"rank":15},"Games":{"value":23,"rank":26},"Games Per Hour":{"value":10.45586563960096,"rank":140},"Wins":{"value":13,"rank":25},"Ties":{"value":0,"rank":268},"Losses":{"value":8,"rank":40},"Saves":{"value":0,"rank":268},"Save Percent":{"value":0,"rank":268},"Tags":{"value":219,"rank":8},"Tags Per Game":{"value":9.521739130434783,"rank":11},"Tags Per Hour":{"value":99.55802500315697,"rank":27},"Popped":{"value":167,"rank":24},"Popped Per Game":{"value":7.260869565217392,"rank":50},"Popped Per Hour":{"value":75.91867660058088,"rank":119},"Tags Per Pop":{"value":1.311377245508982,"rank":21},"Grabs":{"value":111,"rank":32},"Grabs Per Game":{"value":0.6646706586826348,"rank":136},"Grabs Per Hour":{"value":50.460916782422025,"rank":137},"Captures":{"value":13,"rank":18},"Captures Per Game":{"value":0.5652173913043478,"rank":59},"Captures Per Hour":{"value":5.909837100644021,"rank":78},"Captures Per Grab":{"value":0.11711711711711711,"rank":47},"Hold":{"value":867,"rank":28},"Hold Per Game":{"value":37.69565217391305,"rank":83},"Hold Per Grab":{"value":7.8108108108108105,"rank":75},"Hold Per Hour":{"value":394.1406743275666,"rank":125},"Hold Per Cap":{"value":66.6923076923077,"rank":111},"Prevent":{"value":1160,"rank":11},"Prevent Per Game":{"value":50.43478260869565,"rank":20},"Prevent Per Hour":{"value":527.3393105190049,"rank":41},"Returns":{"value":195,"rank":6},"Returns Per Game":{"value":8.478260869565217,"rank":7},"Returns Per Hour":{"value":88.64755650966032,"rank":14},"Support":{"value":538,"rank":13},"Support Per Game":{"value":23.391304347826086,"rank":14},"Support Per Hour":{"value":244.57633539588332,"rank":47},"Non-Return Tags":{"value":24,"rank":38},"Prevent Per Return":{"value":5.948717948717949,"rank":105},"Power-up Percent":{"value":0.09,"rank":89},"Time Played":{"value":7919,"rank":18},"Disconnects":{"value":1,"rank":43},"Disconnects Per Game":{"value":0.043478260869565216,"rank":49}},"Weekly":{"Win Percent":{"value":0,"rank":318},"Points":{"value":1974,"rank":111},"Points Per Game":{"value":20.778947368421054,"rank":87},"Games":{"value":95,"rank":126},"Games Per Hour":{"value":12.839765730590178,"rank":134},"Wins":{"value":55,"rank":105},"Ties":{"value":0,"rank":318},"Losses":{"value":34,"rank":132},"Saves":{"value":0,"rank":318},"Save Percent":{"value":0,"rank":318},"Tags":{"value":781,"rank":63},"Tags Per Game":{"value":8.221052631578948,"rank":26},"Tags Per Hour":{"value":105.55638984832557,"rank":25},"Popped":{"value":582,"rank":132},"Popped Per Game":{"value":6.126315789473685,"rank":168},"Popped Per Hour":{"value":78.66045952845772,"rank":186},"Tags Per Pop":{"value":1.3419243986254294,"rank":26},"Grabs":{"value":409,"rank":149},"Grabs Per Game":{"value":0.7027491408934707,"rank":220},"Grabs Per Hour":{"value":55.278570355909295,"rank":221},"Captures":{"value":45,"rank":127},"Captures Per Game":{"value":0.47368421052631576,"rank":143},"Captures Per Hour":{"value":6.081994293437453,"rank":143},"Captures Per Grab":{"value":0.1100244498777506,"rank":85},"Hold":{"value":2716,"rank":161},"Hold Per Game":{"value":28.589473684210525,"rank":217},"Hold Per Grab":{"value":6.640586797066015,"rank":210},"Hold Per Hour":{"value":367.08214446613607,"rank":223},"Hold Per Cap":{"value":60.355555555555554,"rank":213},"Prevent":{"value":4314,"rank":82},"Prevent Per Game":{"value":45.410526315789475,"rank":50},"Prevent Per Hour":{"value":583.0605195975372,"rank":45},"Returns":{"value":694,"rank":41},"Returns Per Game":{"value":7.3052631578947365,"rank":15},"Returns Per Hour":{"value":93.79786754767983,"rank":12},"Support":{"value":2027,"rank":79},"Support Per Game":{"value":21.33684210526316,"rank":22},"Support Per Hour":{"value":273.9600540621715,"rank":14},"Non-Return Tags":{"value":87,"rank":165},"Prevent Per Return":{"value":6.216138328530259,"rank":174},"Power-up Percent":{"value":0.08,"rank":193},"Time Played":{"value":26636,"rank":123},"Disconnects":{"value":3,"rank":106},"Disconnects Per Game":{"value":0.031578947368421054,"rank":103}},"Monthly":{"Win Percent":{"value":0.5718654434250765,"rank":102},"Points":{"value":6938,"rank":145},"Points Per Game":{"value":20.834834834834833,"rank":78},"Games":{"value":333,"rank":157},"Games Per Hour":{"value":12.615361949761647,"rank":196},"Wins":{"value":187,"rank":147},"Ties":{"value":4,"rank":128},"Losses":{"value":122,"rank":155},"Saves":{"value":2,"rank":186},"Save Percent":{"value":0.25,"rank":159},"Tags":{"value":2783,"rank":117},"Tags Per Game":{"value":8.357357357357357,"rank":27},"Tags Per Hour":{"value":105.43108800656655,"rank":30},"Popped":{"value":2182,"rank":152},"Popped Per Game":{"value":6.5525525525525525,"rank":132},"Popped Per Hour":{"value":82.66282214528502,"rank":166},"Tags Per Pop":{"value":1.2754353803849678,"rank":39},"Grabs":{"value":1518,"rank":170},"Grabs Per Game":{"value":0.6956920256645279,"rank":254},"Grabs Per Hour":{"value":57.507866185399934,"rank":238},"Captures":{"value":151,"rank":170},"Captures Per Game":{"value":0.45345345345345345,"rank":179},"Captures Per Hour":{"value":5.720479442684711,"rank":186},"Captures Per Grab":{"value":0.09947299077733861,"rank":131},"Hold":{"value":9793,"rank":183},"Hold Per Game":{"value":29.40840840840841,"rank":243},"Hold Per Grab":{"value":6.451251646903821,"rank":244},"Hold Per Hour":{"value":370.9977164384859,"rank":248},"Hold Per Cap":{"value":64.8543046357616,"rank":217},"Prevent":{"value":14330,"rank":128},"Prevent Per Game":{"value":43.033033033033036,"rank":57},"Prevent Per Hour":{"value":542.8772875077609,"rank":66},"Returns":{"value":2409,"rank":106},"Returns Per Game":{"value":7.2342342342342345,"rank":18},"Returns Per Hour":{"value":91.26248329422165,"rank":21},"Support":{"value":6855,"rank":132},"Support Per Game":{"value":20.585585585585587,"rank":11},"Support Per Hour":{"value":259.6946131099582,"rank":23},"Non-Return Tags":{"value":374,"rank":162},"Prevent Per Return":{"value":5.948526359485264,"rank":199},"Power-up Percent":{"value":0.09,"rank":195},"Time Played":{"value":95027,"rank":153},"Disconnects":{"value":14,"rank":111},"Disconnects Per Game":{"value":0.042042042042042045,"rank":106}},"All":{"Win Percent":{"value":0.5238069516839063,"rank":280},"Points":{"value":192876,"rank":101},"Points Per Game":{"value":15.565813897183439,"rank":396},"Games":{"value":12391,"rank":72},"Games Per Hour":{"value":15.300149099588717,"rank":23},"Wins":{"value":6465,"rank":82},"Ties":{"value":27,"rank":219},"Losses":{"value":3999,"rank":102},"Saves":{"value":18,"rank":255},"Save Percent":{"value":0.27,"rank":313},"Tags":{"value":71443,"rank":68},"Tags Per Game":{"value":5.76571705269954,"rank":206},"Tags Per Hour":{"value":88.21633057234416,"rank":84},"Popped":{"value":62937,"rank":107},"Popped Per Game":{"value":5.07925106932451,"rank":396},"Popped Per Hour":{"value":77.71329867491042,"rank":303},"Tags Per Pop":{"value":1.135151024039913,"rank":92},"Grabs":{"value":39878,"rank":141},"Grabs Per Game":{"value":0.6336177447288558,"rank":414},"Grabs Per Hour":{"value":49.24052504183672,"rank":395},"Captures":{"value":5587,"rank":122},"Captures Per Game":{"value":0.4508917762892422,"rank":310},"Captures Per Hour":{"value":6.898711405003806,"rank":259},"Captures Per Grab":{"value":0.14010231205175785,"rank":170},"Hold":{"value":369093,"rank":141},"Hold Per Game":{"value":29.78718424663062,"rank":375},"Hold Per Grab":{"value":9.255554441045188,"rank":198},"Hold Per Hour":{"value":455.74836023036863,"rank":343},"Hold Per Cap":{"value":66.0628244138178,"rank":303},"Prevent":{"value":354774,"rank":78},"Prevent Per Game":{"value":28.63158744249859,"rank":244},"Prevent Per Hour":{"value":438.06755682814037,"rank":157},"Returns":{"value":60795,"rank":58},"Returns Per Game":{"value":4.906383665563715,"rank":133},"Returns Per Hour":{"value":75.06840162291147,"rank":55},