{"name":"Waves","id":48,"All Time":{"Daily":{"Win Percent":{"value":0.5909090909090909,"rank":9},"Points":{"value":899,"rank":5},"Points Per Game":{"value":19.977777777777778,"rank":68},"Games":{"value":45,"rank":4},"Games Per Hour":{"value":13.461858068805052,"rank":64},"Wins":{"value":26,"rank":5},"Ties":{"value":0,"rank":389},"Losses":{"value":18,"rank":6},"Saves":{"value":1,"rank":14},"Save Percent":{"value":0.5,"rank":14},"Tags":{"value":317,"rank":2},"Tags Per Game":{"value":7.044444444444444,"rank":36},"Tags Per Hour":{"value":94.83131128469336,"rank":34},"Popped":{"value":289,"rank":5},"Popped Per Game":{"value":6.4222222222222225,"rank":84},"Popped Per Hour":{"value":86.45504404188134,"rank":83},"Tags Per Pop":{"value":1.0968858131487889,"rank":36},"Grabs":{"value":257,"rank":4},"Grabs Per Game":{"value":0.889273356401384,"rank":32},"Grabs Per Hour":{"value":76.8821671929533,"rank":46},"Captures":{"value":35,"rank":3},"Captures Per Game":{"value":0.7777777777777778,"rank":30},"Captures Per Hour":{"value":10.47033405351504,"rank":32},"Captures Per Grab":{"value":0.13618677042801555,"rank":33},"Hold":{"value":1892,"rank":5},"Hold Per Game":{"value":42.044444444444444,"rank":69},"Hold Per Grab":{"value":7.361867704280155,"rank":87},"Hold Per Hour":{"value":565.9963436928701,"rank":67},"Hold Per Cap":{"value":54.05714285714286,"rank":128},"Prevent":{"value":1736,"rank":4},"Prevent Per Game":{"value":38.577777777777776,"rank":44},"Prevent Per Hour":{"value":519.328569054346,"rank":43},"Returns":{"value":246,"rank":3},"Returns Per Game":{"value":5.466666666666667,"rank":43},"Returns Per Hour":{"value":73.5914907761343,"rank":32},"Support":{"value":787,"rank":5},"Support Per Game":{"value":17.488888888888887,"rank":65},"Support Per Hour":{"value":235.43294000332392,"rank":60},"Non-Return Tags":{"value":71,"rank":2},"Prevent Per Return":{"value":7.056910569105691,"rank":75},"Power-up Percent":{"value":0.14,"rank":49},"Time Played":{"value":12034,"rank":4},"Disconnects":{"value":0,"rank":392},"Disconnects Per Game":{"value":0,"rank":392}},"Weekly":{"Win Percent":{"value":0.6312056737588653,"rank":34},"Points":{"value":2820,"rank":42},"Points Per Game":{"value":19.72027972027972,"rank":125},"Games":{"value":143,"rank":50},"Games Per Hour":{"value":14.01808081908289,"rank":53},"Wins":{"value":89,"rank":29},"Ties":{"value":1,"rank":141},"Losses":{"value":49,"rank":84},"Saves":{"value":2,"rank":60},"Save Percent":{"value":0.5,"rank":57},"Tags":{"value":997,"rank":29},"Tags Per Game":{"value":6.972027972027972,"rank":72},"Tags Per Hour":{"value":97.73445158479468,"rank":44},"Popped":{"value":849,"rank":72},"Popped Per Game":{"value":5.937062937062937,"rank":185},"Popped Per Hour":{"value":83.22622807972988,"rank":146},"Tags Per Pop":{"value":1.1743227326266195,"rank":54},"Grabs":{"value":774,"rank":47},"Grabs Per Game":{"value":0.911660777385159,"rank":30},"Grabs Per Hour":{"value":75.8740877900011,"rank":72},"Captures":{"value":99,"rank":19},"Captures Per Game":{"value":0.6923076923076923,"rank":59},"Captures Per Hour":{"value":9.704825182441999,"rank":54},"Captures Per Grab":{"value":0.12790697674418605,"rank":58},"Hold":{"value":6040,"rank":47},"Hold Per Game":{"value":42.23776223776224,"rank":125},"Hold Per Grab":{"value":7.803617571059432,"rank":125},"Hold Per Hour":{"value":592.0923646661583,"rank":91},"Hold Per Cap":{"value":61.01010101010101,"rank":207},"Prevent":{"value":5349,"rank":45},"Prevent Per Game":{"value":37.40559440559441,"rank":111},"Prevent Per Hour":{"value":524.3546454634571,"rank":84},"Returns":{"value":781,"rank":31},"Returns Per Game":{"value":5.461538461538462,"rank":78},"Returns Per Hour":{"value":76.56028755037578,"rank":54},"Support":{"value":2400,"rank":54},"Support Per Game":{"value":16.783216783216783,"rank":126},"Support Per Hour":{"value":235.26848927132124,"rank":77},"Non-Return Tags":{"value":216,"rank":33},"Prevent Per Return":{"value":6.848911651728553,"rank":136},"Power-up Percent":{"value":0.14,"rank":85},"Time Played":{"value":36724,"rank":66},"Disconnects":{"value":2,"rank":135},"Disconnects Per Game":{"value":0.013986013986013986,"rank":146}},"Monthly":{"Win Percent":{"value":0.6445723357809089,"rank":62},"Points":{"value":7786,"rank":130},"Points Per Game":{"value":21.21525885558583,"rank":65},"Games":{"value":367,"rank":143},"Games Per Hour":{"value":12.94646794249934,"rank":151},"Wins":{"value":232,"rank":123},"Ties":{"value":4,"rank":137},"Losses":{"value":115,"rank":163},"Saves":{"value":9,"rank":51},"Save Percent":{"value":0.56,"rank":26},"Tags":{"value":2781,"rank":118},"Tags Per Game":{"value":7.577656675749319,"rank":55},"Tags Per Hour":{"value":98.10388923185465,"rank":59},"Popped":{"value":2439,"rank":143},"Popped Per Game":{"value":6.645776566757493,"rank":114},"Popped Per Hour":{"value":86.0393332745392,"rank":127},"Tags Per Pop":{"value":1.1402214022140222,"rank":75},"Grabs":{"value":2179,"rank":127},"Grabs Per Game":{"value":0.8933989339893399,"rank":52},"Grabs Per Hour":{"value":76.86744862862686,"rank":81},"Captures":{"value":275,"rank":85},"Captures Per Game":{"value":0.7493188010899182,"rank":63},"Captures Per Hour":{"value":9.701031837022665,"rank":59},"Captures Per Grab":{"value":0.12620468104635155,"rank":63},"Hold":{"value":17781,"rank":127},"Hold Per Game":{"value":48.44959128065395,"rank":74},"Hold Per Grab":{"value":8.160165213400642,"rank":113},"Hold Per Hour":{"value":627.2510803421818,"rank":86},"Hold Per Cap":{"value":64.65818181818182,"rank":218},"Prevent":{"value":14313,"rank":129},"Prevent Per Game":{"value":39,"rank":87},"Prevent Per Hour":{"value":504.9122497574742,"rank":92},"Returns":{"value":2183,"rank":122},"Returns Per Game":{"value":5.948228882833788,"rank":53},"Returns Per Hour":{"value":77.00855454625629,"rank":61},"Support":{"value":7484,"rank":120},"Support Per Game":{"value":20.392370572207085,"rank":13},"Support Per Hour":{"value":264.0091718846459,"rank":18},"Non-Return Tags":{"value":598,"rank":109},"Prevent Per Return":{"value":6.556573522675218,"rank":160},"Power-up Percent":{"value":0.15,"rank":79},"Time Played":{"value":102051,"rank":140},"Disconnects":{"value":11,"rank":130},"Disconnects Per Game":{"value":0.02997275204359673,"rank":132}},"All":{"Win Percent":{"value":0.5801204819277108,"rank":210},"Points":{"value":130616,"rank":170},"Points Per Game":{"value":19.287655050206734,"rank":167},"Games":{"value":6772,"rank":174},"Games Per Hour":{"value":13.347889836326942,"rank":211},"Wins":{"value":3852,"rank":177},"Ties":{"value":68,"rank":103},"Losses":{"value":2453,"rank":182},"Saves":{"value":88,"rank":58},"Save Percent":{"value":0.4,"rank":143},"Tags":{"value":41074,"rank":159},"Tags Per Game":{"value":6.065268753691671,"rank":153},"Tags Per Hour":{"value":80.95853915199245,"rank":150},"Popped":{"value":43953,"rank":164},"Popped Per Game":{"value":6.490401653868872,"rank":131},"Popped Per Hour":{"value":86.6331662693559,"rank":133},"Tags Per Pop":{"value":0.9344982140013196,"rank":211},"Grabs":{"value":36370,"rank":153},"Grabs Per Game":{"value":0.8274748026300821,"rank":154},"Grabs Per Hour":{"value":71.68676215995436,"rank":125},"Captures":{"value":4139,"rank":179},"Captures Per Game":{"value":0.611193148257531,"rank":198},"Captures Per Hour":{"value":8.158138811659365,"rank":199},"Captures Per Grab":{"value":0.11380258454770416,"rank":249},"Hold":{"value":325682,"rank":163},"Hold Per Game":{"value":48.09243945658594,"rank":161},"Hold Per Grab":{"value":8.954687929612318,"rank":224},"Hold Per Hour":{"value":641.9325838267323,"rank":158},"Hold Per Cap":{"value":78.68615607634695,"rank":170},"Prevent":{"value":215228,"rank":155},"Prevent Per Game":{"value":31.782043709391612,"rank":180},"Prevent Per Hour":{"value":424.22321820628696,"rank":178},"Returns":{"value":32325,"rank":159},"Returns Per Game":{"value":4.77333136444182,"rank":151},"Returns Per Hour":{"value":63.71390120485357,"rank":134},"Support":{"value":105336,"rank":138},