{"name":"No More Time","id":66,"All Time":{"Daily":{"Win Percent":{"value":0,"rank":155},"Points":{"value":682,"rank":9},"Points Per Game":{"value":18.944444444444443,"rank":79},"Games":{"value":36,"rank":8},"Games Per Hour":{"value":12.63034791930611,"rank":87},"Wins":{"value":15,"rank":15},"Ties":{"value":0,"rank":159},"Losses":{"value":20,"rank":4},"Saves":{"value":0,"rank":155},"Save Percent":{"value":0,"rank":155},"Tags":{"value":172,"rank":15},"Tags Per Game":{"value":4.777777777777778,"rank":110},"Tags Per Hour":{"value":60.344995614462526,"rank":123},"Popped":{"value":251,"rank":9},"Popped Per Game":{"value":6.972222222222222,"rank":64},"Popped Per Hour":{"value":88.06159243738426,"rank":75},"Tags Per Pop":{"value":0.6852589641434262,"rank":119},"Grabs":{"value":197,"rank":9},"Grabs Per Game":{"value":0.7848605577689243,"rank":87},"Grabs Per Hour":{"value":69.11607055842511,"rank":83},"Captures":{"value":13,"rank":17},"Captures Per Game":{"value":0.3611111111111111,"rank":95},"Captures Per Hour":{"value":4.56095897086054,"rank":98},"Captures Per Grab":{"value":0.06598984771573604,"rank":100},"Hold":{"value":1311,"rank":14},"Hold Per Game":{"value":36.416666666666664,"rank":87},"Hold Per Grab":{"value":6.654822335025381,"rank":113},"Hold Per Hour":{"value":459.95517006139755,"rank":105},"Hold Per Cap":{"value":100.84615384615384,"rank":64},"Prevent":{"value":1127,"rank":13},"Prevent Per Game":{"value":31.305555555555557,"rank":78},"Prevent Per Hour":{"value":395.4000584738329,"rank":89},"Returns":{"value":122,"rank":19},"Returns Per Game":{"value":3.388888888888889,"rank":128},"Returns Per Hour":{"value":42.80284572653738,"rank":133},"Support":{"value":607,"rank":9},"Support Per Game":{"value":16.86111111111111,"rank":74},"Support Per Hour":{"value":212.96169963941136,"rank":88},"Non-Return Tags":{"value":50,"rank":6},"Prevent Per Return":{"value":9.237704918032787,"rank":32},"Power-up Percent":{"value":0.19,"rank":16},"Time Played":{"value":10261,"rank":7},"Disconnects":{"value":0,"rank":182},"Disconnects Per Game":{"value":0,"rank":182}},"Weekly":{"Win Percent":{"value":0.4623819677124581,"rank":105},"Points":{"value":3955,"rank":13},"Points Per Game":{"value":19.676616915422887,"rank":128},"Games":{"value":201,"rank":17},"Games Per Hour":{"value":11.835519644083876,"rank":214},"Wins":{"value":92,"rank":21},"Ties":{"value":3,"rank":15},"Losses":{"value":91,"rank":14},"Saves":{"value":1,"rank":89},"Save Percent":{"value":0.33,"rank":78},"Tags":{"value":1173,"rank":16},"Tags Per Game":{"value":5.835820895522388,"rank":159},"Tags Per Hour":{"value":69.06997284831039,"rank":189},"Popped":{"value":1384,"rank":14},"Popped Per Game":{"value":6.885572139303482,"rank":97},"Popped Per Hour":{"value":81.494324315483,"rank":157},"Tags Per Pop":{"value":0.8475433526011561,"rank":160},"Grabs":{"value":1051,"rank":13},"Grabs Per Game":{"value":0.759393063583815,"rank":185},"Grabs Per Hour":{"value":61.88622460662762,"rank":184},"Captures":{"value":86,"rank":36},"Captures Per Game":{"value":0.42786069651741293,"rank":170},"Captures Per Hour":{"value":5.063953678563251,"rank":191},"Captures Per Grab":{"value":0.0818268315889629,"rank":171},"Hold":{"value":8551,"rank":14},"Hold Per Game":{"value":42.54228855721393,"rank":123},"Hold Per Grab":{"value":8.136060894386299,"rank":101},"Hold Per Hour":{"value":503.5100919231902,"rank":164},"Hold Per Cap":{"value":99.43023255813954,"rank":53},"Prevent":{"value":6720,"rank":18},"Prevent Per Game":{"value":33.43283582089552,"rank":147},"Prevent Per Hour":{"value":395.69498511564,"rank":169},"Returns":{"value":840,"rank":22},"Returns Per Game":{"value":4.17910447761194,"rank":187},"Returns Per Hour":{"value":49.461873139455,"rank":217},"Support":{"value":3358,"rank":13},"Support Per Game":{"value":16.70646766169154,"rank":129},"Support Per Hour":{"value":197.72972619320228,"rank":187},"Non-Return Tags":{"value":333,"rank":7},"Prevent Per Return":{"value":8,"rank":80},"Power-up Percent":{"value":0.17,"rank":43},"Time Played":{"value":61138,"rank":10},"Disconnects":{"value":13,"rank":25},"Disconnects Per Game":{"value":0.06467661691542288,"rank":61}},"Monthly":{"Win Percent":{"value":0.45801393728222994,"rank":192},"Points":{"value":9563,"rank":110},"Points Per Game":{"value":17.908239700374533,"rank":207},"Games":{"value":534,"rank":102},"Games Per Hour":{"value":12.766042221440099,"rank":175},"Wins":{"value":239,"rank":117},"Ties":{"value":7,"rank":58},"Losses":{"value":222,"rank":85},"Saves":{"value":6,"rank":87},"Save Percent":{"value":0.33,"rank":107},"Tags":{"value":2968,"rank":110},"Tags Per Game":{"value":5.558052434456929,"rank":198},"Tags Per Hour":{"value":70.95433204725508,"rank":204},"Popped":{"value":3485,"rank":105},"Popped Per Game":{"value":6.52621722846442,"rank":134},"Popped Per Hour":{"value":83.31396468486655,"rank":157},"Tags Per Pop":{"value":0.8516499282639886,"rank":196},"Grabs":{"value":2607,"rank":113},"Grabs Per Game":{"value":0.7480631276901004,"rank":226},"Grabs Per Hour":{"value":62.32410500242384,"rank":212},"Captures":{"value":227,"rank":121},"Captures Per Game":{"value":0.4250936329588015,"rank":191},"Captures Per Hour":{"value":5.42676326641742,"rank":205},"Captures Per Grab":{"value":0.08707326428845416,"rank":181},"Hold":{"value":20163,"rank":109},"Hold Per Game":{"value":37.758426966292134,"rank":183},"Hold Per Grab":{"value":7.734177215189874,"rank":150},"Hold Per Hour":{"value":482.0256728668477,"rank":194},"Hold Per Cap":{"value":88.8237885462555,"rank":86},"Prevent":{"value":18863,"rank":91},"Prevent Per Game":{"value":35.323970037453186,"rank":125},"Prevent Per Hour":{"value":450.94729292701226,"rank":140},"Returns":{"value":2193,"rank":121},"Returns Per Game":{"value":4.106741573033708,"rank":220},"Returns Per Hour":{"value":52.426836313891634,"rank":227},"Support":{"value":9528,"rank":96},"Support Per Game":{"value":17.84269662921348,"rank":91},"Support Per Hour":{"value":227.78061851288624,"rank":106},"Non-Return Tags":{"value":775,"rank":71},"Prevent Per Return":{"value":8.601459188326494,"rank":49},"Power-up Percent":{"value":0.15,"rank":72},"Time Played":{"value":150587,"rank":103},"Disconnects":{"value":58,"rank":26},"Disconnects Per Game":{"value":0.10861423220973783,"rank":28}},"All":{"Win Percent":{"value":0.45801393728222994,"rank":352},"Points":{"value":9563,"rank":386},"Points Per Game":{"value":17.908239700374533,"rank":267},"Games":{"value":534,"rank":380},"Games Per Hour":{"value":12.766042221440099,"rank":325},"Wins":{"value":239,"rank":408},"Ties":{"value":7,"rank":318},"Losses":{"value":222,"rank":364},"Saves":{"value":6,"rank":360},"Save Percent":{"value":0.33,"rank":227},"Tags":{"value":2968,"rank":394},"Tags Per Game":{"value":5.558052434456929,"rank":237},"Tags Per Hour":{"value":70.95433204725508,"rank":284},"Popped":{"value":3485,"rank":378},"Popped Per Game":{"value":6.52621722846442,"rank":124},"Popped Per Hour":{"value":83.31396468486655,"rank":192},"Tags Per Pop":{"value":0.8516499282639886,"rank":270},"Grabs":{"value":2607,"rank":384},"Grabs Per Game":{"value":0.7480631276901004,"rank":302},"Grabs Per Hour":{"value":62.32410500242384,"rank":267},"Captures":{"value":227,"rank":414},"Captures Per Game":{"value":0.4250936329588015,"rank":325},"Captures Per Hour":{"value":5.42676326641742,"rank":337},"Captures Per Grab":{"value":0.08707326428845416,"rank":339},"Hold":{"value":20163,"rank":397},"Hold Per Game":{"value":37.758426966292134,"rank":294},"Hold Per Grab":{"value":7.734177215189874,"rank":317},"Hold Per Hour":{"value":482.0256728668477,"rank":320},"Hold Per Cap":{"value":88.8237885462555,"rank":98},"Prevent":{"value":18863,"rank":373},"Prevent Per Game":{"value":35.323970037453186,"rank":120},"Prevent Per Hour":{"value":450.94729292701226,"rank":140},"Returns":{"value":2193,"rank":395},"Returns Per Game":{"value":4.106741573033708,"rank":267},"Returns Per Hour":{"value":52.426836313891634,"rank":308},"Support":{"value":9528,"rank":371},