{"name":"Happy Shrimp","id":74,"All Time":{"Daily":{"Win Percent":{"value":0.6176470588235294,"rank":8},"Points":{"value":781,"rank":6},"Points Per Game":{"value":22.314285714285713,"rank":36},"Games":{"value":35,"rank":10},"Games Per Hour":{"value":11.827654181920586,"rank":113},"Wins":{"value":21,"rank":7},"Ties":{"value":1,"rank":5},"Losses":{"value":10,"rank":23},"Saves":{"value":1,"rank":6},"Save Percent":{"value":0.5,"rank":11},"Tags":{"value":242,"rank":5},"Tags Per Game":{"value":6.914285714285715,"rank":41},"Tags Per Hour":{"value":81.77978034356519,"rank":58},"Popped":{"value":229,"rank":11},"Popped Per Game":{"value":6.542857142857143,"rank":81},"Popped Per Hour":{"value":77.38665164742326,"rank":115},"Tags Per Pop":{"value":1.056768558951965,"rank":47},"Grabs":{"value":173,"rank":12},"Grabs Per Game":{"value":0.7554585152838428,"rank":104},"Grabs Per Hour":{"value":58.46240495635032,"rank":119},"Captures":{"value":12,"rank":22},"Captures Per Game":{"value":0.34285714285714286,"rank":100},"Captures Per Hour":{"value":4.055195719515629,"rank":105},"Captures Per Grab":{"value":0.06936416184971098,"rank":98},"Hold":{"value":1250,"rank":16},"Hold Per Game":{"value":35.714285714285715,"rank":96},"Hold Per Grab":{"value":7.22543352601156,"rank":92},"Hold Per Hour":{"value":422.4162207828781,"rank":122},"Hold Per Cap":{"value":104.16666666666667,"rank":62},"Prevent":{"value":2142,"rank":3},"Prevent Per Game":{"value":61.2,"rank":10},"Prevent Per Hour":{"value":723.8524359335398,"rank":20},"Returns":{"value":215,"rank":4},"Returns Per Game":{"value":6.142857142857143,"rank":29},"Returns Per Hour":{"value":72.65558997465503,"rank":35},"Support":{"value":795,"rank":4},"Support Per Game":{"value":22.714285714285715,"rank":19},"Support Per Hour":{"value":268.65671641791045,"rank":29},"Non-Return Tags":{"value":27,"rank":30},"Prevent Per Return":{"value":9.962790697674418,"rank":26},"Power-up Percent":{"value":0.06,"rank":117},"Time Played":{"value":10653,"rank":6},"Disconnects":{"value":2,"rank":15},"Disconnects Per Game":{"value":0.05714285714285714,"rank":47}},"Weekly":{"Win Percent":{"value":0.5211267605633803,"rank":74},"Points":{"value":1481,"rank":152},"Points Per Game":{"value":20.569444444444443,"rank":97},"Games":{"value":72,"rank":162},"Games Per Hour":{"value":12.07209724745005,"rank":196},"Wins":{"value":37,"rank":159},"Ties":{"value":2,"rank":33},"Losses":{"value":28,"rank":152},"Saves":{"value":1,"rank":80},"Save Percent":{"value":0.5,"rank":41},"Tags":{"value":470,"rank":158},"Tags Per Game":{"value":6.527777777777778,"rank":103},"Tags Per Hour":{"value":78.80396814307672,"rank":137},"Popped":{"value":441,"rank":167},"Popped Per Game":{"value":6.125,"rank":169},"Popped Per Hour":{"value":73.94159564063155,"rank":219},"Tags Per Pop":{"value":1.0657596371882085,"rank":81},"Grabs":{"value":313,"rank":177},"Grabs Per Game":{"value":0.7097505668934241,"rank":217},"Grabs Per Hour":{"value":52.48008942294258,"rank":233},"Captures":{"value":17,"rank":218},"Captures Per Game":{"value":0.2361111111111111,"rank":233},"Captures Per Hour":{"value":2.850356294536817,"rank":238},"Captures Per Grab":{"value":0.054313099041533544,"rank":233},"Hold":{"value":2191,"rank":184},"Hold Per Game":{"value":30.430555555555557,"rank":211},"Hold Per Grab":{"value":7,"rank":185},"Hold Per Hour":{"value":367.36062596059804,"rank":222},"Hold Per Cap":{"value":128.88235294117646,"rank":13},"Prevent":{"value":4366,"rank":79},"Prevent Per Game":{"value":60.638888888888886,"rank":5},"Prevent Per Hour":{"value":732.038563643985,"rank":6},"Returns":{"value":427,"rank":132},"Returns Per Game":{"value":5.930555555555555,"rank":50},"Returns Per Hour":{"value":71.59424339807181,"rank":77},"Support":{"value":1505,"rank":135},"Support Per Game":{"value":20.90277777777778,"rank":28},"Support Per Hour":{"value":252.34036607517118,"rank":39},"Non-Return Tags":{"value":43,"rank":216},"Prevent Per Return":{"value":10.224824355971897,"rank":27},"Power-up Percent":{"value":0.05,"rank":237},"Time Played":{"value":21471,"rank":154},"Disconnects":{"value":4,"rank":81},"Disconnects Per Game":{"value":0.05555555555555555,"rank":69}},"Monthly":{"Win Percent":{"value":0.5227272727272727,"rank":139},"Points":{"value":1748,"rank":239},"Points Per Game":{"value":19.640449438202246,"rank":143},"Games":{"value":89,"rank":239},"Games Per Hour":{"value":12.38356587948827,"rank":214},"Wins":{"value":46,"rank":241},"Ties":{"value":2,"rank":178},"Losses":{"value":34,"rank":231},"Saves":{"value":1,"rank":210},"Save Percent":{"value":0.5,"rank":37},"Tags":{"value":572,"rank":242},"Tags Per Game":{"value":6.426966292134831,"rank":128},"Tags Per Hour":{"value":79.58876048390213,"rank":164},"Popped":{"value":520,"rank":239},"Popped Per Game":{"value":5.842696629213483,"rank":221},"Popped Per Hour":{"value":72.3534186217292,"rank":251},"Tags Per Pop":{"value":1.1,"rank":86},"Grabs":{"value":363,"rank":242},"Grabs Per Game":{"value":0.698076923076923,"rank":251},"Grabs Per Hour":{"value":50.508251845553275,"rank":258},"Captures":{"value":24,"rank":254},"Captures Per Game":{"value":0.2696629213483146,"rank":255},"Captures Per Hour":{"value":3.339388551772118,"rank":259},"Captures Per Grab":{"value":0.06611570247933884,"rank":245},"Hold":{"value":2597,"rank":243},"Hold Per Game":{"value":29.179775280898877,"rank":244},"Hold Per Grab":{"value":7.15426997245179,"rank":196},"Hold Per Hour":{"value":361.34966953967455,"rank":250},"Hold Per Cap":{"value":108.20833333333333,"rank":27},"Prevent":{"value":5125,"rank":211},"Prevent Per Game":{"value":57.58426966292135,"rank":6},"Prevent Per Hour":{"value":713.0985969930043,"rank":8},"Returns":{"value":512,"rank":239},"Returns Per Game":{"value":5.752808988764045,"rank":67},"Returns Per Hour":{"value":71.24028910447184,"rank":95},"Support":{"value":1723,"rank":233},"Support Per Game":{"value":19.359550561797754,"rank":35},"Support Per Hour":{"value":239.74026977930663,"rank":60},"Non-Return Tags":{"value":60,"rank":252},"Prevent Per Return":{"value":10.009765625,"rank":25},"Power-up Percent":{"value":0.05,"rank":260},"Time Played":{"value":25873,"rank":236},"Disconnects":{"value":6,"rank":160},"Disconnects Per Game":{"value":0.06741573033707865,"rank":61}},"All":{"Win Percent":{"value":0.4692778577177279,"rank":342},"Points":{"value":162548,"rank":128},"Points Per Game":{"value":17.939300297980356,"rank":263},"Games":{"value":9061,"rank":125},"Games Per Hour":{"value":12.894248865217081,"rank":300},"Wins":{"value":4183,"rank":158},"Ties":{"value":74,"rank":92},"Losses":{"value":4090,"rank":96},"Saves":{"value":44,"rank":140},"Save Percent":{"value":0.23,"rank":362},"Tags":{"value":50323,"rank":119},"Tags Per Game":{"value":5.553802008608321,"rank":238},"Tags Per Hour":{"value":71.61210524713819,"rank":275},"Popped":{"value":46236,"rank":153},"Popped Per Game":{"value":5.102748041055071,"rank":388},"Popped Per Hour":{"value":65.79610313786303,"rank":411},"Tags Per Pop":{"value":1.0883943247685786,"rank":118},"Grabs":{"value":28673,"rank":192},"Grabs Per Game":{"value":0.6201444761657583,"rank":421},"Grabs Per Hour":{"value":40.80308991417827,"rank":423},"Captures":{"value":2282,"rank":247},"Captures Per Game":{"value":0.25184858183423464,"rank":411},"Captures Per Hour":{"value":3.247398290522611,"rank":417},"Captures Per Grab":{"value":0.07958706797335473,"rank":358},"Hold":{"value":237833,"rank":208},"Hold Per Game":{"value":26.247985873523895,"rank":399},"Hold Per Grab":{"value":8.294667457189691,"rank":278},"Hold Per Hour":{"value":338.4480620639194,"rank":410},"Hold Per Cap":{"value":104.22129710780017,"rank":40},"Prevent":{"value":442945,"rank":45},"Prevent Per Game":{"value":48.88478092925725,"rank":12},"Prevent Per Hour":{"value":630.3325310234609,"rank":11},"Returns":{"value":42967,"rank":103},"Returns Per Game":{"value":4.74197108486922,"rank":155},"Returns Per Hour":{"value":61.144155279967144,"rank":169},"Support":{"value":118950,"rank":116},